[{"genomeId":"601","name":"Acetobacter pasteurianus IFO 3283-01","rnaRegulonCount":"2","rnaSiteCount":"3","taxonomyId":"634452","tfRegulonCount":"13","tfSiteCount":"44"},{"genomeId":"528","name":"Acidothermus cellulolyticus 11B","rnaRegulonCount":"0","rnaSiteCount":"0","taxonomyId":"351607","tfRegulonCount":"12","tfSiteCount":"49"},{"genomeId":"266","name":"Acidovorax avenae subsp. citrulli AAC00-1","rnaRegulonCount":"2","rnaSiteCount":"5","taxonomyId":"397945","tfRegulonCount":"26","tfSiteCount":"70"},{"genomeId":"441","name":"Acidovorax sp. JS42","rnaRegulonCount":"3","rnaSiteCount":"5","taxonomyId":"232721","tfRegulonCount":"20","tfSiteCount":"73"},{"genomeId":"586","name":"Acinetobacter baumannii AB0057","rnaRegulonCount":"3","rnaSiteCount":"3","taxonomyId":"480119","tfRegulonCount":"25","tfSiteCount":"57"},{"genomeId":"383","name":"Acinetobacter sp. ADP1","rnaRegulonCount":"3","rnaSiteCount":"3","taxonomyId":"62977","tfRegulonCount":"18","tfSiteCount":"59"},{"genomeId":"525","name":"Actinobacillus pleuropneumoniae serovar 7 str. AP76","rnaRegulonCount":"9","rnaSiteCount":"13","taxonomyId":"537457","tfRegulonCount":"18","tfSiteCount":"117"},{"genomeId":"436","name":"Actinobacillus succinogenes 130Z","rnaRegulonCount":"8","rnaSiteCount":"11","taxonomyId":"339671","tfRegulonCount":"21","tfSiteCount":"107"},{"genomeId":"636","name":"Actinosynnema mirum DSM 43827","rnaRegulonCount":"0","rnaSiteCount":"0","taxonomyId":"446462","tfRegulonCount":"16","tfSiteCount":"83"},{"genomeId":"343","name":"Aeromonas hydrophila subsp. hydrophila ATCC 7966","rnaRegulonCount":"3","rnaSiteCount":"4","taxonomyId":"380703","tfRegulonCount":"41","tfSiteCount":"239"},{"genomeId":"345","name":"Aeromonas salmonicida subsp. salmonicida A449","rnaRegulonCount":"3","rnaSiteCount":"4","taxonomyId":"382245","tfRegulonCount":"37","tfSiteCount":"218"},{"genomeId":"526","name":"Aggregatibacter aphrophilus NJ8700","rnaRegulonCount":"10","rnaSiteCount":"16","taxonomyId":"634176","tfRegulonCount":"21","tfSiteCount":"113"},{"genomeId":"119","name":"Agrobacterium tumefaciens str. C58 (Cereon)","rnaRegulonCount":"9","rnaSiteCount":"18","taxonomyId":"176299","tfRegulonCount":"54","tfSiteCount":"262"},{"genomeId":"435","name":"Alcanivorax borkumensis SK2","rnaRegulonCount":"0","rnaSiteCount":"0","taxonomyId":"393595","tfRegulonCount":"15","tfSiteCount":"45"},{"genomeId":"583","name":"Alteromonadales bacterium TW-7","rnaRegulonCount":"1","rnaSiteCount":"1","taxonomyId":"156578","tfRegulonCount":"26","tfSiteCount":"158"},{"genomeId":"384","name":"Alteromonas macleodii 'Deep ecotype'","rnaRegulonCount":"2","rnaSiteCount":"3","taxonomyId":"314275","tfRegulonCount":"26","tfSiteCount":"136"},{"genomeId":"489","name":"Anaerocellum thermophilum DSM 6725","rnaRegulonCount":"3","rnaSiteCount":"3","taxonomyId":"521460","tfRegulonCount":"14","tfSiteCount":"29"},{"genomeId":"56","name":"Anoxybacillus flavithermus WK1","rnaRegulonCount":"31","rnaSiteCount":"50","taxonomyId":"491915","tfRegulonCount":"47","tfSiteCount":"241"},{"genomeId":"669","name":"Archaeoglobus fulgidus DSM 4304","rnaRegulonCount":"0","rnaSiteCount":"0","taxonomyId":"224325","tfRegulonCount":"2","tfSiteCount":"3"},{"genomeId":"670","name":"Archaeoglobus profundus DSM 5631","rnaRegulonCount":"0","rnaSiteCount":"0","taxonomyId":"572546","tfRegulonCount":"2","tfSiteCount":"4"},{"genomeId":"103","name":"Arthrobacter aurescens TC1","rnaRegulonCount":"0","rnaSiteCount":"0","taxonomyId":"290340","tfRegulonCount":"28","tfSiteCount":"101"},{"genomeId":"531","name":"Arthrobacter chlorophenolicus A6","rnaRegulonCount":"0","rnaSiteCount":"0","taxonomyId":"452863","tfRegulonCount":"25","tfSiteCount":"91"},{"genomeId":"110","name":"Arthrobacter sp. FB24","rnaRegulonCount":"0","rnaSiteCount":"0","taxonomyId":"290399","tfRegulonCount":"28","tfSiteCount":"106"},{"genomeId":"251","name":"Azoarcus sp. EbN1","rnaRegulonCount":"2","rnaSiteCount":"3","taxonomyId":"76114","tfRegulonCount":"13","tfSiteCount":"28"},{"genomeId":"598","name":"Azorhizobium caulinodans ORS 571","rnaRegulonCount":"8","rnaSiteCount":"13","taxonomyId":"438753","tfRegulonCount":"26","tfSiteCount":"91"},{"genomeId":"600","name":"Azospirillum sp. B510","rnaRegulonCount":"1","rnaSiteCount":"3","taxonomyId":"137722","tfRegulonCount":"27","tfSiteCount":"87"},{"genomeId":"495","name":"Azotobacter vinelandii AvOP","rnaRegulonCount":"6","rnaSiteCount":"6","taxonomyId":"322710","tfRegulonCount":"32","tfSiteCount":"87"},{"genomeId":"53","name":"Bacillus amyloliquefaciens FZB42","rnaRegulonCount":"33","rnaSiteCount":"61","taxonomyId":"326423","tfRegulonCount":"108","tfSiteCount":"527"},{"genomeId":"58","name":"Bacillus cereus ATCC 14579","rnaRegulonCount":"34","rnaSiteCount":"90","taxonomyId":"226900","tfRegulonCount":"68","tfSiteCount":"281"},{"genomeId":"60","name":"Bacillus clausii KSM-K16","rnaRegulonCount":"31","rnaSiteCount":"53","taxonomyId":"66692","tfRegulonCount":"77","tfSiteCount":"279"},{"genomeId":"59","name":"Bacillus halodurans C-125","rnaRegulonCount":"36","rnaSiteCount":"60","taxonomyId":"272558","tfRegulonCount":"80","tfSiteCount":"345"},{"genomeId":"55","name":"Bacillus licheniformis DSM 13","rnaRegulonCount":"34","rnaSiteCount":"63","taxonomyId":"279010","tfRegulonCount":"118","tfSiteCount":"534"},{"genomeId":"54","name":"Bacillus pumilus SAFR-032","rnaRegulonCount":"34","rnaSiteCount":"62","taxonomyId":"315750","tfRegulonCount":"91","tfSiteCount":"419"},{"genomeId":"52","name":"Bacillus subtilis subsp. subtilis str. 168","rnaRegulonCount":"33","rnaSiteCount":"65","taxonomyId":"224308","tfRegulonCount":"129","tfSiteCount":"624"},{"genomeId":"572","name":"Bacteroides cellulosilyticus DSM 14838","rnaRegulonCount":"2","rnaSiteCount":"10","taxonomyId":"537012","tfRegulonCount":"24","tfSiteCount":"65"},{"genomeId":"571","name":"Bacteroides coprophilus DSM 18228","rnaRegulonCount":"2","rnaSiteCount":"4","taxonomyId":"547042","tfRegulonCount":"9","tfSiteCount":"20"},{"genomeId":"570","name":"Bacteroides dorei DSM 17855","rnaRegulonCount":"2","rnaSiteCount":"9","taxonomyId":"483217","tfRegulonCount":"19","tfSiteCount":"68"},{"genomeId":"569","name":"Bacteroides eggerthii DSM 20697","rnaRegulonCount":"2","rnaSiteCount":"5","taxonomyId":"483216","tfRegulonCount":"18","tfSiteCount":"64"},{"genomeId":"236","name":"Bacteroides fragilis NCTC 9343","rnaRegulonCount":"2","rnaSiteCount":"9","taxonomyId":"272559","tfRegulonCount":"15","tfSiteCount":"52"},{"genomeId":"574","name":"Bacteroides ovatus ATCC 8483","rnaRegulonCount":"2","rnaSiteCount":"9","taxonomyId":"411476","tfRegulonCount":"30","tfSiteCount":"88"},{"genomeId":"567","name":"Bacteroides pectinophilus ATCC 43243","rnaRegulonCount":"2","rnaSiteCount":"2","taxonomyId":"483218","tfRegulonCount":"15","tfSiteCount":"42"},{"genomeId":"568","name":"Bacteroides plebeius DSM 17135","rnaRegulonCount":"2","rnaSiteCount":"5","taxonomyId":"484018","tfRegulonCount":"20","tfSiteCount":"51"},{"genomeId":"566","name":"Bacteroides stercoris ATCC 43183","rnaRegulonCount":"2","rnaSiteCount":"7","taxonomyId":"449673","tfRegulonCount":"16","tfSiteCount":"55"},{"genomeId":"235","name":"Bacteroides thetaiotaomicron VPI-5482","rnaRegulonCount":"2","rnaSiteCount":"9","taxonomyId":"226186","tfRegulonCount":"36","tfSiteCount":"109"},{"genomeId":"577","name":"Bacteroides uniformis ATCC 8492","rnaRegulonCount":"2","rnaSiteCount":"7","taxonomyId":"411479","tfRegulonCount":"17","tfSiteCount":"60"},{"genomeId":"573","name":"Bacteroides vulgatus ATCC 8482","rnaRegulonCount":"2","rnaSiteCount":"10","taxonomyId":"435590","tfRegulonCount":"19","tfSiteCount":"72"},{"genomeId":"131","name":"Bartonella quintana str. Toulouse","rnaRegulonCount":"2","rnaSiteCount":"3","taxonomyId":"283165","tfRegulonCount":"8","tfSiteCount":"13"},{"genomeId":"532","name":"Beutenbergia cavernae DSM 12333","rnaRegulonCount":"0","rnaSiteCount":"0","taxonomyId":"471853","tfRegulonCount":"21","tfSiteCount":"51"},{"genomeId":"80","name":"Bifidobacterium adolescentis ATCC 15703","rnaRegulonCount":"2","rnaSiteCount":"3","taxonomyId":"367928","tfRegulonCount":"37","tfSiteCount":"128"},{"genomeId":"539","name":"Bifidobacterium angulatum DSM 20098","rnaRegulonCount":"2","rnaSiteCount":"5","taxonomyId":"518635","tfRegulonCount":"35","tfSiteCount":"104"},{"genomeId":"1611","name":"Bifidobacterium animalis subsp. lactis AD011","rnaRegulonCount":"2","rnaSiteCount":"6","taxonomyId":"442563","tfRegulonCount":"25","tfSiteCount":"89"},{"genomeId":"541","name":"Bifidobacterium bifidum NCIMB 41171","rnaRegulonCount":"2","rnaSiteCount":"3","taxonomyId":"398513","tfRegulonCount":"23","tfSiteCount":"68"},{"genomeId":"1608","name":"Bifidobacterium breve DSM 20213","rnaRegulonCount":"2","rnaSiteCount":"5","taxonomyId":"518634","tfRegulonCount":"36","tfSiteCount":"125"},{"genomeId":"1605","name":"Bifidobacterium dentium Bd1","rnaRegulonCount":"2","rnaSiteCount":"6","taxonomyId":"401473","tfRegulonCount":"49","tfSiteCount":"186"},{"genomeId":"542","name":"Bifidobacterium gallicum DSM 20093","rnaRegulonCount":"2","rnaSiteCount":"4","taxonomyId":"561180","tfRegulonCount":"18","tfSiteCount":"59"},{"genomeId":"94","name":"Bifidobacterium longum NCC2705","rnaRegulonCount":"2","rnaSiteCount":"5","taxonomyId":"206672","tfRegulonCount":"33","tfSiteCount":"131"},{"genomeId":"543","name":"Bifidobacterium longum subsp. infantis ATCC 15697","rnaRegulonCount":"0","rnaSiteCount":"0","taxonomyId":"391904","tfRegulonCount":"33","tfSiteCount":"124"},{"genomeId":"437","name":"Blastopirellula marina DSM 3645","rnaRegulonCount":"0","rnaSiteCount":"0","taxonomyId":"314230","tfRegulonCount":"2","tfSiteCount":"8"},{"genomeId":"1333","name":"Blautia hansenii DSM 20583","rnaRegulonCount":"2","rnaSiteCount":"5","taxonomyId":"537007","tfRegulonCount":"13","tfSiteCount":"33"},{"genomeId":"1096","name":"Bordetella avium 197N","rnaRegulonCount":"0","rnaSiteCount":"0","taxonomyId":"360910","tfRegulonCount":"17","tfSiteCount":"45"},{"genomeId":"259","name":"Bordetella bronchiseptica RB50","rnaRegulonCount":"0","rnaSiteCount":"0","taxonomyId":"257310","tfRegulonCount":"21","tfSiteCount":"53"},{"genomeId":"551","name":"Bordetella petrii DSM 12804","rnaRegulonCount":"0","rnaSiteCount":"0","taxonomyId":"340100","tfRegulonCount":"22","tfSiteCount":"59"},{"genomeId":"533","name":"Brachybacterium faecium DSM 4810","rnaRegulonCount":"0","rnaSiteCount":"0","taxonomyId":"446465","tfRegulonCount":"18","tfSiteCount":"50"},{"genomeId":"136","name":"Bradyrhizobium japonicum USDA 110","rnaRegulonCount":"6","rnaSiteCount":"12","taxonomyId":"224911","tfRegulonCount":"34","tfSiteCount":"166"},{"genomeId":"124","name":"Bradyrhizobium sp. BTAi1","rnaRegulonCount":"8","rnaSiteCount":"12","taxonomyId":"288000","tfRegulonCount":"35","tfSiteCount":"147"},{"genomeId":"461","name":"Brevibacterium linens BL2","rnaRegulonCount":"0","rnaSiteCount":"0","taxonomyId":"321955","tfRegulonCount":"20","tfSiteCount":"53"},{"genomeId":"127","name":"Brucella melitensis 16M","rnaRegulonCount":"9","rnaSiteCount":"14","taxonomyId":"224914","tfRegulonCount":"27","tfSiteCount":"111"},{"genomeId":"1332","name":"Bryantella formatexigens DSM 14469","rnaRegulonCount":"2","rnaSiteCount":"3","taxonomyId":"478749","tfRegulonCount":"14","tfSiteCount":"39"},{"genomeId":"273","name":"Burkholderia cepacia AMMD","rnaRegulonCount":"8","rnaSiteCount":"15","taxonomyId":"339670","tfRegulonCount":"54","tfSiteCount":"155"},{"genomeId":"588","name":"Burkholderia glumae BGR1","rnaRegulonCount":"8","rnaSiteCount":"16","taxonomyId":"626418","tfRegulonCount":"39","tfSiteCount":"108"},{"genomeId":"244","name":"Burkholderia mallei ATCC 23344","rnaRegulonCount":"8","rnaSiteCount":"12","taxonomyId":"243160","tfRegulonCount":"34","tfSiteCount":"94"},{"genomeId":"589","name":"Burkholderia phymatum STM815","rnaRegulonCount":"9","rnaSiteCount":"16","taxonomyId":"391038","tfRegulonCount":"58","tfSiteCount":"167"},{"genomeId":"246","name":"Burkholderia pseudomallei K96243","rnaRegulonCount":"8","rnaSiteCount":"13","taxonomyId":"272560","tfRegulonCount":"38","tfSiteCount":"101"},{"genomeId":"242","name":"Burkholderia sp. 383","rnaRegulonCount":"8","rnaSiteCount":"16","taxonomyId":"269483","tfRegulonCount":"56","tfSiteCount":"162"},{"genomeId":"123","name":"Burkholderia vietnamiensis G4","rnaRegulonCount":"9","rnaSiteCount":"18","taxonomyId":"269482","tfRegulonCount":"48","tfSiteCount":"139"},{"genomeId":"166","name":"Burkholderia xenovorans LB400","rnaRegulonCount":"9","rnaSiteCount":"21","taxonomyId":"266265","tfRegulonCount":"52","tfSiteCount":"153"},{"genomeId":"488","name":"Caldicellulosiruptor saccharolyticus DSM 8903","rnaRegulonCount":"3","rnaSiteCount":"3","taxonomyId":"351627","tfRegulonCount":"15","tfSiteCount":"36"},{"genomeId":"1226","name":"Campylobacter coli RM2228","rnaRegulonCount":"1","rnaSiteCount":"1","taxonomyId":"306254","tfRegulonCount":"0","tfSiteCount":"0"},{"genomeId":"1228","name":"Campylobacter jejuni subsp. jejuni NCTC 11168","rnaRegulonCount":"1","rnaSiteCount":"1","taxonomyId":"192222","tfRegulonCount":"0","tfSiteCount":"0"},{"genomeId":"1224","name":"Campylobacter lari RM2100","rnaRegulonCount":"1","rnaSiteCount":"2","taxonomyId":"306263","tfRegulonCount":"0","tfSiteCount":"0"},{"genomeId":"1225","name":"Campylobacter upsaliensis RM3195","rnaRegulonCount":"1","rnaSiteCount":"1","taxonomyId":"306264","tfRegulonCount":"0","tfSiteCount":"0"},{"genomeId":"649","name":"Candidatus Methanoregula boonei 6A8","rnaRegulonCount":"0","rnaSiteCount":"0","taxonomyId":"456442","tfRegulonCount":"2","tfSiteCount":"4"},{"genomeId":"648","name":"Candidatus Methanosphaerula palustris E1-9c","rnaRegulonCount":"0","rnaSiteCount":"0","taxonomyId":"521011","tfRegulonCount":"2","tfSiteCount":"3"},{"genomeId":"233","name":"Carboxydothermus hydrogenoformans Z-2901","rnaRegulonCount":"3","rnaSiteCount":"5","taxonomyId":"246194","tfRegulonCount":"7","tfSiteCount":"12"},{"genomeId":"138","name":"Caulobacter crescentus CB15","rnaRegulonCount":"6","rnaSiteCount":"10","taxonomyId":"190650","tfRegulonCount":"24","tfSiteCount":"119"},{"genomeId":"603","name":"Caulobacter segnis ATCC 21756","rnaRegulonCount":"6","rnaSiteCount":"9","taxonomyId":"509190","tfRegulonCount":"25","tfSiteCount":"119"},{"genomeId":"139","name":"Caulobacter sp. K31","rnaRegulonCount":"7","rnaSiteCount":"9","taxonomyId":"366602","tfRegulonCount":"29","tfSiteCount":"119"},{"genomeId":"1569","name":"Cellulophaga sp. MED134","rnaRegulonCount":"0","rnaSiteCount":"0","taxonomyId":"313590","tfRegulonCount":"1","tfSiteCount":"1"},{"genomeId":"496","name":"Cellvibrio japonicus Ueda107","rnaRegulonCount":"1","rnaSiteCount":"2","taxonomyId":"498211","tfRegulonCount":"18","tfSiteCount":"49"},{"genomeId":"1550","name":"Chitinophaga pinensis DSM 2588","rnaRegulonCount":"0","rnaSiteCount":"0","taxonomyId":"485918","tfRegulonCount":"6","tfSiteCount":"9"},{"genomeId":"279","name":"Chlamydia muridarum Nigg","rnaRegulonCount":"0","rnaSiteCount":"0","taxonomyId":"243161","tfRegulonCount":"2","tfSiteCount":"4"},{"genomeId":"283","name":"Chlamydia trachomatis D/UW-3/CX","rnaRegulonCount":"0","rnaSiteCount":"0","taxonomyId":"272561","tfRegulonCount":"3","tfSiteCount":"5"},{"genomeId":"280","name":"Chlamydophila abortus S26/3","rnaRegulonCount":"0","rnaSiteCount":"0","taxonomyId":"218497","tfRegulonCount":"3","tfSiteCount":"6"},{"genomeId":"282","name":"Chlamydophila caviae GPIC","rnaRegulonCount":"0","rnaSiteCount":"0","taxonomyId":"227941","tfRegulonCount":"4","tfSiteCount":"7"},{"genomeId":"1656","name":"Chlamydophila felis Fe/C-56","rnaRegulonCount":"0","rnaSiteCount":"0","taxonomyId":"264202","tfRegulonCount":"4","tfSiteCount":"7"},{"genomeId":"281","name":"Chlamydophila pneumoniae AR39","rnaRegulonCount":"0","rnaSiteCount":"0","taxonomyId":"115711","tfRegulonCount":"3","tfSiteCount":"6"},{"genomeId":"1585","name":"Chlorobaculum parvum NCIB 8327","rnaRegulonCount":"4","rnaSiteCount":"6","taxonomyId":"517417","tfRegulonCount":"5","tfSiteCount":"6"},{"genomeId":"1592","name":"Chlorobium chlorochromatii CaD3","rnaRegulonCount":"3","rnaSiteCount":"3","taxonomyId":"340177","tfRegulonCount":"4","tfSiteCount":"5"},{"genomeId":"1590","name":"Chlorobium ferrooxidans DSM 13031","rnaRegulonCount":"3","rnaSiteCount":"4","taxonomyId":"377431","tfRegulonCount":"4","tfSiteCount":"5"},{"genomeId":"1588","name":"Chlorobium limicola DSM 245","rnaRegulonCount":"5","rnaSiteCount":"8","taxonomyId":"290315","tfRegulonCount":"5","tfSiteCount":"7"},{"genomeId":"1584","name":"Chlorobium phaeobacteroides BS1","rnaRegulonCount":"4","rnaSiteCount":"5","taxonomyId":"331678","tfRegulonCount":"4","tfSiteCount":"5"},{"genomeId":"1589","name":"Chlorobium phaeobacteroides DSM 266","rnaRegulonCount":"4","rnaSiteCount":"4","taxonomyId":"290317","tfRegulonCount":"5","tfSiteCount":"10"},{"genomeId":"624","name":"Chloroflexus aggregans DSM 9485","rnaRegulonCount":"11","rnaSiteCount":"16","taxonomyId":"326427","tfRegulonCount":"25","tfSiteCount":"74"},{"genomeId":"625","name":"Chloroflexus sp. Y-400-fl","rnaRegulonCount":"12","rnaSiteCount":"20","taxonomyId":"480224","tfRegulonCount":"26","tfSiteCount":"67"},{"genomeId":"1582","name":"Chloroherpeton thalassium ATCC 35110","rnaRegulonCount":"6","rnaSiteCount":"12","taxonomyId":"517418","tfRegulonCount":"3","tfSiteCount":"6"},{"genomeId":"245","name":"Chromobacterium violaceum ATCC 12472","rnaRegulonCount":"3","rnaSiteCount":"4","taxonomyId":"243365","tfRegulonCount":"26","tfSiteCount":"91"},{"genomeId":"167","name":"Chromohalobacter salexigens DSM 3043","rnaRegulonCount":"1","rnaSiteCount":"2","taxonomyId":"290398","tfRegulonCount":"30","tfSiteCount":"109"},{"genomeId":"497","name":"Citrobacter koseri ATCC BAA-895","rnaRegulonCount":"14","rnaSiteCount":"19","taxonomyId":"290338","tfRegulonCount":"82","tfSiteCount":"858"},{"genomeId":"460","name":"Clavibacter michiganensis subsp. michiganensis NCPPB 382","rnaRegulonCount":"0","rnaSiteCount":"0","taxonomyId":"443906","tfRegulonCount":"15","tfSiteCount":"50"},{"genomeId":"1334","name":"Clostridiales bacterium 1_7_47_FAA","rnaRegulonCount":"2","rnaSiteCount":"6","taxonomyId":"457421","tfRegulonCount":"15","tfSiteCount":"73"},{"genomeId":"287","name":"Clostridium acetobutylicum ATCC 824","rnaRegulonCount":"33","rnaSiteCount":"59","taxonomyId":"272562","tfRegulonCount":"21","tfSiteCount":"223"},{"genomeId":"615","name":"Clostridium bartlettii DSM 16795","rnaRegulonCount":"29","rnaSiteCount":"58","taxonomyId":"445973","tfRegulonCount":"11","tfSiteCount":"59"},{"genomeId":"187","name":"Clostridium beijerincki NCIMB 8052","rnaRegulonCount":"34","rnaSiteCount":"65","taxonomyId":"290402","tfRegulonCount":"30","tfSiteCount":"197"},{"genomeId":"616","name":"Clostridium bolteae ATCC BAA-613","rnaRegulonCount":"26","rnaSiteCount":"44","taxonomyId":"411902","tfRegulonCount":"16","tfSiteCount":"70"},{"genomeId":"286","name":"Clostridium botulinum A str. ATCC 3502","rnaRegulonCount":"34","rnaSiteCount":"64","taxonomyId":"413999","tfRegulonCount":"23","tfSiteCount":"109"},{"genomeId":"618","name":"Clostridium butyricum 5521","rnaRegulonCount":"30","rnaSiteCount":"51","taxonomyId":"447214","tfRegulonCount":"23","tfSiteCount":"142"},{"genomeId":"490","name":"Clostridium cellulolyticum H10","rnaRegulonCount":"29","rnaSiteCount":"42","taxonomyId":"394503","tfRegulonCount":"0","tfSiteCount":"0"},{"genomeId":"192","name":"Clostridium difficile 630","rnaRegulonCount":"32","rnaSiteCount":"70","taxonomyId":"272563","tfRegulonCount":"20","tfSiteCount":"160"},{"genomeId":"619","name":"Clostridium hiranonis DSM 13275","rnaRegulonCount":"29","rnaSiteCount":"43","taxonomyId":"500633","tfRegulonCount":"12","tfSiteCount":"47"},{"genomeId":"517","name":"Clostridium kluyveri DSM 555","rnaRegulonCount":"32","rnaSiteCount":"76","taxonomyId":"431943","tfRegulonCount":"15","tfSiteCount":"54"},{"genomeId":"620","name":"Clostridium leptum DSM 753","rnaRegulonCount":"18","rnaSiteCount":"20","taxonomyId":"428125","tfRegulonCount":"0","tfSiteCount":"0"},{"genomeId":"621","name":"Clostridium nexile DSM 1787","rnaRegulonCount":"27","rnaSiteCount":"37","taxonomyId":"500632","tfRegulonCount":"15","tfSiteCount":"47"},{"genomeId":"285","name":"Clostridium novyi NT","rnaRegulonCount":"32","rnaSiteCount":"57","taxonomyId":"386415","tfRegulonCount":"20","tfSiteCount":"93"},{"genomeId":"201","name":"Clostridium perfringens ATCC 13124","rnaRegulonCount":"33","rnaSiteCount":"61","taxonomyId":"195103","tfRegulonCount":"20","tfSiteCount":"99"},{"genomeId":"486","name":"Clostridium phytofermentans ISDg","rnaRegulonCount":"26","rnaSiteCount":"37","taxonomyId":"357809","tfRegulonCount":"0","tfSiteCount":"0"},{"genomeId":"622","name":"Clostridium scindens ATCC 35704","rnaRegulonCount":"27","rnaSiteCount":"39","taxonomyId":"411468","tfRegulonCount":"15","tfSiteCount":"54"},{"genomeId":"623","name":"Clostridium sp. L2-50","rnaRegulonCount":"19","rnaSiteCount":"23","taxonomyId":"411489","tfRegulonCount":"0","tfSiteCount":"0"},{"genomeId":"518","name":"Clostridium sp. OhILAs","rnaRegulonCount":"35","rnaSiteCount":"63","taxonomyId":"350688","tfRegulonCount":"0","tfSiteCount":"0"},{"genomeId":"637","name":"Clostridium sp. SS2/1","rnaRegulonCount":"18","rnaSiteCount":"25","taxonomyId":"411484","tfRegulonCount":"0","tfSiteCount":"0"},{"genomeId":"288","name":"Clostridium tetani E88","rnaRegulonCount":"32","rnaSiteCount":"56","taxonomyId":"212717","tfRegulonCount":"16","tfSiteCount":"75"},{"genomeId":"174","name":"Colwellia psychrerythraea 34H","rnaRegulonCount":"2","rnaSiteCount":"3","taxonomyId":"167879","tfRegulonCount":"34","tfSiteCount":"185"},{"genomeId":"590","name":"Comamonas testosteroni KF-1","rnaRegulonCount":"3","rnaSiteCount":"6","taxonomyId":"399795","tfRegulonCount":"31","tfSiteCount":"93"},{"genomeId":"452","name":"Corynebacterium amycolatum SK46","rnaRegulonCount":"8","rnaSiteCount":"10","taxonomyId":"553204","tfRegulonCount":"26","tfSiteCount":"142"},{"genomeId":"453","name":"Corynebacterium aurimucosum ATCC 700975","rnaRegulonCount":"5","rnaSiteCount":"6","taxonomyId":"548476","tfRegulonCount":"35","tfSiteCount":"177"},{"genomeId":"91","name":"Corynebacterium diphtheriae NCTC 13129","rnaRegulonCount":"8","rnaSiteCount":"11","taxonomyId":"257309","tfRegulonCount":"29","tfSiteCount":"178"},{"genomeId":"81","name":"Corynebacterium efficiens YS-314","rnaRegulonCount":"8","rnaSiteCount":"12","taxonomyId":"196164","tfRegulonCount":"50","tfSiteCount":"296"},{"genomeId":"98","name":"Corynebacterium glutamicum ATCC 13032","rnaRegulonCount":"9","rnaSiteCount":"16","taxonomyId":"196627","tfRegulonCount":"58","tfSiteCount":"443"},{"genomeId":"454","name":"Corynebacterium jeikeium K411","rnaRegulonCount":"5","rnaSiteCount":"6","taxonomyId":"306537","tfRegulonCount":"26","tfSiteCount":"165"},{"genomeId":"455","name":"Corynebacterium kroppenstedtii DSM 44385","rnaRegulonCount":"8","rnaSiteCount":"12","taxonomyId":"645127","tfRegulonCount":"22","tfSiteCount":"126"},{"genomeId":"582","name":"Corynebacterium urealyticum DSM 7109","rnaRegulonCount":"5","rnaSiteCount":"7","taxonomyId":"504474","tfRegulonCount":"24","tfSiteCount":"153"},{"genomeId":"1573","name":"Croceibacter atlanticus HTCC2559","rnaRegulonCount":"0","rnaSiteCount":"0","taxonomyId":"216432","tfRegulonCount":"1","tfSiteCount":"2"},{"genomeId":"501","name":"Cupriavidus taiwanensis","rnaRegulonCount":"8","rnaSiteCount":"11","taxonomyId":"164546","tfRegulonCount":"48","tfSiteCount":"169"},{"genomeId":"464","name":"Cyanothece sp. ATCC 51142","rnaRegulonCount":"4","rnaSiteCount":"6","taxonomyId":"43989","tfRegulonCount":"15","tfSiteCount":"143"},{"genomeId":"467","name":"Cyanothece sp. PCC 7425","rnaRegulonCount":"7","rnaSiteCount":"16","taxonomyId":"395961","tfRegulonCount":"16","tfSiteCount":"85"},{"genomeId":"469","name":"Cyanothece sp. PCC 8801","rnaRegulonCount":"5","rnaSiteCount":"5","taxonomyId":"41431","tfRegulonCount":"14","tfSiteCount":"113"},{"genomeId":"308","name":"Cytophaga hutchinsonii ATCC 33406","rnaRegulonCount":"0","rnaSiteCount":"0","taxonomyId":"269798","tfRegulonCount":"1","tfSiteCount":"2"},{"genomeId":"255","name":"Dechloromonas aromatica RCB","rnaRegulonCount":"2","rnaSiteCount":"3","taxonomyId":"159087","tfRegulonCount":"16","tfSiteCount":"58"},{"genomeId":"631","name":"Deinococcus deserti VCD115","rnaRegulonCount":"11","rnaSiteCount":"17","taxonomyId":"546414","tfRegulonCount":"6","tfSiteCount":"19"},{"genomeId":"310","name":"Deinococcus geothermalis DSM 11300","rnaRegulonCount":"8","rnaSiteCount":"11","taxonomyId":"319795","tfRegulonCount":"6","tfSiteCount":"20"},{"genomeId":"309","name":"Deinococcus radiodurans R1","rnaRegulonCount":"8","rnaSiteCount":"11","taxonomyId":"243230","tfRegulonCount":"5","tfSiteCount":"20"},{"genomeId":"552","name":"Delftia acidovorans SPH-1","rnaRegulonCount":"3","rnaSiteCount":"6","taxonomyId":"398578","tfRegulonCount":"46","tfSiteCount":"122"},{"genomeId":"73","name":"Desulfohalobium retbaense DSM 5692","rnaRegulonCount":"3","rnaSiteCount":"5","taxonomyId":"485915","tfRegulonCount":"35","tfSiteCount":"104"},{"genomeId":"72","name":"Desulfomicrobium baculatum DSM 4028","rnaRegulonCount":"4","rnaSiteCount":"7","taxonomyId":"525897","tfRegulonCount":"47","tfSiteCount":"205"},{"genomeId":"66","name":"Desulfovibrio desulfuricans G20","rnaRegulonCount":"6","rnaSiteCount":"10","taxonomyId":"207559","tfRegulonCount":"55","tfSiteCount":"326"},{"genomeId":"67","name":"Desulfovibrio desulfuricans subsp. desulfuricans str. ATCC 27774","rnaRegulonCount":"6","rnaSiteCount":"11","taxonomyId":"525146","tfRegulonCount":"27","tfSiteCount":"158"},{"genomeId":"70","name":"Desulfovibrio magneticus RS-1","rnaRegulonCount":"5","rnaSiteCount":"7","taxonomyId":"573370","tfRegulonCount":"44","tfSiteCount":"208"},{"genomeId":"68","name":"Desulfovibrio piger ATCC 29098","rnaRegulonCount":"4","rnaSiteCount":"8","taxonomyId":"411464","tfRegulonCount":"23","tfSiteCount":"101"},{"genomeId":"69","name":"Desulfovibrio salexigens DSM 2638","rnaRegulonCount":"4","rnaSiteCount":"7","taxonomyId":"526222","tfRegulonCount":"52","tfSiteCount":"276"},{"genomeId":"63","name":"Desulfovibrio vulgaris Hildenborough","rnaRegulonCount":"6","rnaSiteCount":"10","taxonomyId":"882","tfRegulonCount":"71","tfSiteCount":"348"},{"genomeId":"65","name":"Desulfovibrio vulgaris str. Miyazaki F","rnaRegulonCount":"5","rnaSiteCount":"7","taxonomyId":"883","tfRegulonCount":"63","tfSiteCount":"308"},{"genomeId":"315","name":"Desulfuromonas acetoxidans DSM 684","rnaRegulonCount":"3","rnaSiteCount":"6","taxonomyId":"281689","tfRegulonCount":"9","tfSiteCount":"30"},{"genomeId":"1330","name":"Dorea formicigenerans ATCC 27755","rnaRegulonCount":"2","rnaSiteCount":"5","taxonomyId":"411461","tfRegulonCount":"15","tfSiteCount":"48"},{"genomeId":"1331","name":"Dorea longicatena DSM 13814","rnaRegulonCount":"2","rnaSiteCount":"5","taxonomyId":"411462","tfRegulonCount":"14","tfSiteCount":"56"},{"genomeId":"1544","name":"Dyadobacter fermentans DSM 18053","rnaRegulonCount":"0","rnaSiteCount":"0","taxonomyId":"471854","tfRegulonCount":"3","tfSiteCount":"5"},{"genomeId":"498","name":"Edwardsiella tarda EIB202","rnaRegulonCount":"11","rnaSiteCount":"15","taxonomyId":"498217","tfRegulonCount":"51","tfSiteCount":"387"},{"genomeId":"348","name":"Enterobacter sp. 638","rnaRegulonCount":"12","rnaSiteCount":"15","taxonomyId":"399742","tfRegulonCount":"81","tfSiteCount":"765"},{"genomeId":"221","name":"Enterococcus faecalis V583","rnaRegulonCount":"0","rnaSiteCount":"0","taxonomyId":"226185","tfRegulonCount":"15","tfSiteCount":"49"},{"genomeId":"638","name":"Enterococcus faecium DO","rnaRegulonCount":"0","rnaSiteCount":"0","taxonomyId":"333849","tfRegulonCount":"9","tfSiteCount":"24"},{"genomeId":"499","name":"Erwinia amylovora ATCC 49946","rnaRegulonCount":"10","rnaSiteCount":"13","taxonomyId":"716540","tfRegulonCount":"48","tfSiteCount":"355"},{"genomeId":"356","name":"Erwinia carotovora subsp. atroseptica SCRI1043","rnaRegulonCount":"14","rnaSiteCount":"18","taxonomyId":"218491","tfRegulonCount":"67","tfSiteCount":"599"},{"genomeId":"151","name":"Erythrobacter litoralis HTCC2594","rnaRegulonCount":"1","rnaSiteCount":"1","taxonomyId":"314225","tfRegulonCount":"14","tfSiteCount":"56"},{"genomeId":"152","name":"Erythrobacter sp. NAP1","rnaRegulonCount":"1","rnaSiteCount":"1","taxonomyId":"237727","tfRegulonCount":"13","tfSiteCount":"61"},{"genomeId":"334","name":"Escherichia coli str. K-12 substr. MG1655","rnaRegulonCount":"13","rnaSiteCount":"16","taxonomyId":"511145","tfRegulonCount":"84","tfSiteCount":"943"},{"genomeId":"1325","name":"Eubacterium eligens ATCC 27750","rnaRegulonCount":"2","rnaSiteCount":"2","taxonomyId":"515620","tfRegulonCount":"15","tfSiteCount":"49"},{"genomeId":"1326","name":"Eubacterium rectale ATCC 33656","rnaRegulonCount":"2","rnaSiteCount":"3","taxonomyId":"515619","tfRegulonCount":"15","tfSiteCount":"61"},{"genomeId":"668","name":"Ferroglobus placidus DSM 10642","rnaRegulonCount":"0","rnaSiteCount":"0","taxonomyId":"589924","tfRegulonCount":"2","tfSiteCount":"4"},{"genomeId":"644","name":"Ferroplasma acidarmanus fer1","rnaRegulonCount":"0","rnaSiteCount":"0","taxonomyId":"333146","tfRegulonCount":"1","tfSiteCount":"4"},{"genomeId":"49","name":"Fervidobacterium nodosum Rt17-B1","rnaRegulonCount":"5","rnaSiteCount":"8","taxonomyId":"381764","tfRegulonCount":"14","tfSiteCount":"34"},{"genomeId":"1563","name":"Flavobacteria bacterium BAL38","rnaRegulonCount":"0","rnaSiteCount":"0","taxonomyId":"391598","tfRegulonCount":"1","tfSiteCount":"1"},{"genomeId":"1570","name":"Flavobacteria bacterium BBFL7","rnaRegulonCount":"0","rnaSiteCount":"0","taxonomyId":"156586","tfRegulonCount":"1","tfSiteCount":"2"},{"genomeId":"1566","name":"Flavobacteriales bacterium ALC-1","rnaRegulonCount":"0","rnaSiteCount":"0","taxonomyId":"391603","tfRegulonCount":"1","tfSiteCount":"1"},{"genomeId":"1564","name":"Flavobacteriales bacterium HTCC2170","rnaRegulonCount":"0","rnaSiteCount":"0","taxonomyId":"313603","tfRegulonCount":"1","tfSiteCount":"1"},{"genomeId":"239","name":"Flavobacterium johnsoniae UW101","rnaRegulonCount":"0","rnaSiteCount":"0","taxonomyId":"376686","tfRegulonCount":"3","tfSiteCount":"5"},{"genomeId":"999","name":"Francisella novicida FTE","rnaRegulonCount":"2","rnaSiteCount":"2","taxonomyId":"545422","tfRegulonCount":"1","tfSiteCount":"1"},{"genomeId":"989","name":"Francisella philomiragia subsp. philomiragia ATCC 25017","rnaRegulonCount":"2","rnaSiteCount":"3","taxonomyId":"484022","tfRegulonCount":"2","tfSiteCount":"7"},{"genomeId":"413","name":"Francisella tularensis subsp. tularensis SCHU S4","rnaRegulonCount":"2","rnaSiteCount":"2","taxonomyId":"177416","tfRegulonCount":"1","tfSiteCount":"1"},{"genomeId":"633","name":"Frankia sp. CcI3","rnaRegulonCount":"0","rnaSiteCount":"0","taxonomyId":"106370","tfRegulonCount":"9","tfSiteCount":"27"},{"genomeId":"634","name":"Frankia sp. EAN1pec","rnaRegulonCount":"0","rnaSiteCount":"0","taxonomyId":"298653","tfRegulonCount":"13","tfSiteCount":"38"},{"genomeId":"1604","name":"Gardnerella vaginalis 409-05","rnaRegulonCount":"2","rnaSiteCount":"6","taxonomyId":"553190","tfRegulonCount":"11","tfSiteCount":"41"},{"genomeId":"1644","name":"Gemmata obscuriglobus UQM 2246","rnaRegulonCount":"0","rnaSiteCount":"0","taxonomyId":"214688","tfRegulonCount":"1","tfSiteCount":"1"},{"genomeId":"57","name":"Geobacillus kaustophilus HTA426","rnaRegulonCount":"30","rnaSiteCount":"50","taxonomyId":"235909","tfRegulonCount":"57","tfSiteCount":"222"},{"genomeId":"608","name":"Geobacter lovleyi SZ","rnaRegulonCount":"1","rnaSiteCount":"2","taxonomyId":"398767","tfRegulonCount":"11","tfSiteCount":"39"},{"genomeId":"317","name":"Geobacter metallireducens GS-15","rnaRegulonCount":"2","rnaSiteCount":"5","taxonomyId":"269799","tfRegulonCount":"11","tfSiteCount":"38"},{"genomeId":"606","name":"Geobacter sp. FRC-32","rnaRegulonCount":"1","rnaSiteCount":"5","taxonomyId":"316067","tfRegulonCount":"12","tfSiteCount":"39"},{"genomeId":"607","name":"Geobacter sp. M21","rnaRegulonCount":"2","rnaSiteCount":"4","taxonomyId":"443144","tfRegulonCount":"16","tfSiteCount":"48"},{"genomeId":"318","name":"Geobacter sulfurreducens PCA","rnaRegulonCount":"2","rnaSiteCount":"3","taxonomyId":"243231","tfRegulonCount":"14","tfSiteCount":"48"},{"genomeId":"605","name":"Geobacter uraniumreducens Rf4","rnaRegulonCount":"2","rnaSiteCount":"5","taxonomyId":"351605","tfRegulonCount":"15","tfSiteCount":"48"},{"genomeId":"515","name":"Glaciecola sp. HTCC2999","rnaRegulonCount":"1","rnaSiteCount":"1","taxonomyId":"455436","tfRegulonCount":"19","tfSiteCount":"83"},{"genomeId":"297","name":"Gloeobacter violaceus PCC 7421","rnaRegulonCount":"7","rnaSiteCount":"8","taxonomyId":"251221","tfRegulonCount":"9","tfSiteCount":"25"},{"genomeId":"558","name":"Gluconacetobacter diazotrophicus PAl 5","rnaRegulonCount":"2","rnaSiteCount":"2","taxonomyId":"272568","tfRegulonCount":"18","tfSiteCount":"49"},{"genomeId":"155","name":"Gluconobacter oxydans 621H","rnaRegulonCount":"2","rnaSiteCount":"3","taxonomyId":"290633","tfRegulonCount":"10","tfSiteCount":"33"},{"genomeId":"1571","name":"Gramella forsetii KT0803","rnaRegulonCount":"0","rnaSiteCount":"0","taxonomyId":"411154","tfRegulonCount":"1","tfSiteCount":"1"},{"genomeId":"438","name":"Granulibacter bethesdensis CGDNIH1","rnaRegulonCount":"1","rnaSiteCount":"1","taxonomyId":"391165","tfRegulonCount":"11","tfSiteCount":"33"},{"genomeId":"401","name":"Haemophilus ducreyi 35000HP","rnaRegulonCount":"7","rnaSiteCount":"10","taxonomyId":"233412","tfRegulonCount":"13","tfSiteCount":"63"},{"genomeId":"402","name":"Haemophilus influenzae Rd KW20","rnaRegulonCount":"11","rnaSiteCount":"16","taxonomyId":"71421","tfRegulonCount":"21","tfSiteCount":"110"},{"genomeId":"527","name":"Haemophilus parasuis SH0165","rnaRegulonCount":"9","rnaSiteCount":"11","taxonomyId":"557723","tfRegulonCount":"19","tfSiteCount":"79"},{"genomeId":"377","name":"Haemophilus somnus 2336","rnaRegulonCount":"8","rnaSiteCount":"10","taxonomyId":"228400","tfRegulonCount":"20","tfSiteCount":"98"},{"genomeId":"363","name":"Hahella chejuensis KCTC 2396","rnaRegulonCount":"2","rnaSiteCount":"3","taxonomyId":"349521","tfRegulonCount":"34","tfSiteCount":"103"},{"genomeId":"658","name":"Haloarcula marismortui ATCC 43049","rnaRegulonCount":"0","rnaSiteCount":"0","taxonomyId":"272569","tfRegulonCount":"3","tfSiteCount":"14"},{"genomeId":"666","name":"Halobacterium salinarum R1","rnaRegulonCount":"0","rnaSiteCount":"0","taxonomyId":"478009","tfRegulonCount":"3","tfSiteCount":"13"},{"genomeId":"665","name":"Halobacterium sp. NRC-1","rnaRegulonCount":"0","rnaSiteCount":"0","taxonomyId":"64091","tfRegulonCount":"3","tfSiteCount":"13"},{"genomeId":"661","name":"Haloferax volcanii DS2","rnaRegulonCount":"0","rnaSiteCount":"0","taxonomyId":"309800","tfRegulonCount":"3","tfSiteCount":"11"},{"genomeId":"659","name":"Halomicrobium mukohataei DSM 12286","rnaRegulonCount":"0","rnaSiteCount":"0","taxonomyId":"485914","tfRegulonCount":"3","tfSiteCount":"15"},{"genomeId":"662","name":"Haloquadratum walsbyi DSM 16790","rnaRegulonCount":"0","rnaSiteCount":"0","taxonomyId":"362976","tfRegulonCount":"3","tfSiteCount":"13"},{"genomeId":"657","name":"Halorhabdus utahensis DSM 12940","rnaRegulonCount":"0","rnaSiteCount":"0","taxonomyId":"519442","tfRegulonCount":"2","tfSiteCount":"8"},{"genomeId":"660","name":"Halorubrum lacusprofundi ATCC 49239","rnaRegulonCount":"0","rnaSiteCount":"0","taxonomyId":"416348","tfRegulonCount":"3","tfSiteCount":"13"},{"genomeId":"663","name":"Haloterrigena turkmenica DSM 5511","rnaRegulonCount":"0","rnaSiteCount":"0","taxonomyId":"543526","tfRegulonCount":"3","tfSiteCount":"13"},{"genomeId":"1222","name":"Helicobacter acinonychis str. Sheeba","rnaRegulonCount":"1","rnaSiteCount":"1","taxonomyId":"382638","tfRegulonCount":"0","tfSiteCount":"0"},{"genomeId":"1212","name":"Helicobacter mustelae 12198","rnaRegulonCount":"1","rnaSiteCount":"1","taxonomyId":"679897","tfRegulonCount":"0","tfSiteCount":"0"},{"genomeId":"1218","name":"Helicobacter pylori J99","rnaRegulonCount":"1","rnaSiteCount":"1","taxonomyId":"85963","tfRegulonCount":"0","tfSiteCount":"0"},{"genomeId":"626","name":"Herpetosiphon aurantiacus ATCC 23779","rnaRegulonCount":"16","rnaSiteCount":"23","taxonomyId":"316274","tfRegulonCount":"13","tfSiteCount":"49"},{"genomeId":"449","name":"Hyphomonas neptunium ATCC 15444","rnaRegulonCount":"8","rnaSiteCount":"10","taxonomyId":"228405","tfRegulonCount":"14","tfSiteCount":"42"},{"genomeId":"516","name":"Idiomarina baltica OS145","rnaRegulonCount":"1","rnaSiteCount":"1","taxonomyId":"314276","tfRegulonCount":"21","tfSiteCount":"82"},{"genomeId":"175","name":"Idiomarina loihiensis L2TR","rnaRegulonCount":"1","rnaSiteCount":"2","taxonomyId":"283942","tfRegulonCount":"19","tfSiteCount":"97"},{"genomeId":"534","name":"Janibacter sp. HTCC2649","rnaRegulonCount":"0","rnaSiteCount":"0","taxonomyId":"313589","tfRegulonCount":"19","tfSiteCount":"46"},{"genomeId":"117","name":"Jannaschia sp. CCS1","rnaRegulonCount":"8","rnaSiteCount":"10","taxonomyId":"290400","tfRegulonCount":"27","tfSiteCount":"130"},{"genomeId":"535","name":"Jonesia denitrificans DSM 20603","rnaRegulonCount":"0","rnaSiteCount":"0","taxonomyId":"471856","tfRegulonCount":"13","tfSiteCount":"35"},{"genomeId":"500","name":"Klebsiella pneumoniae subsp. pneumoniae MGH 78578","rnaRegulonCount":"14","rnaSiteCount":"19","taxonomyId":"272620","tfRegulonCount":"86","tfSiteCount":"804"},{"genomeId":"462","name":"Kocuria rhizophila DC2201","rnaRegulonCount":"0","rnaSiteCount":"0","taxonomyId":"378753","tfRegulonCount":"19","tfSiteCount":"59"},{"genomeId":"1565","name":"Kordia algicida OT-1","rnaRegulonCount":"0","rnaSiteCount":"0","taxonomyId":"391587","tfRegulonCount":"2","tfSiteCount":"2"},{"genomeId":"536","name":"Kytococcus sedentarius DSM 20547","rnaRegulonCount":"0","rnaSiteCount":"0","taxonomyId":"478801","tfRegulonCount":"8","tfSiteCount":"14"},{"genomeId":"230","name":"Lactobacillus acidophilus NCFM","rnaRegulonCount":"26","rnaSiteCount":"41","taxonomyId":"272621","tfRegulonCount":"26","tfSiteCount":"116"},{"genomeId":"222","name":"Lactobacillus brevis ATCC 367","rnaRegulonCount":"30","rnaSiteCount":"46","taxonomyId":"387344","tfRegulonCount":"40","tfSiteCount":"159"},{"genomeId":"223","name":"Lactobacillus casei ATCC 334","rnaRegulonCount":"28","rnaSiteCount":"36","taxonomyId":"321967","tfRegulonCount":"41","tfSiteCount":"149"},{"genomeId":"365","name":"Lactobacillus delbrueckii subsp. bulgaricus ATCC BAA-365","rnaRegulonCount":"26","rnaSiteCount":"33","taxonomyId":"321956","tfRegulonCount":"18","tfSiteCount":"53"},{"genomeId":"491","name":"Lactobacillus fermentum IFO 3956","rnaRegulonCount":"25","rnaSiteCount":"41","taxonomyId":"334390","tfRegulonCount":"30","tfSiteCount":"116"},{"genomeId":"504","name":"Lactobacillus helveticus DPC 4571","rnaRegulonCount":"25","rnaSiteCount":"36","taxonomyId":"405566","tfRegulonCount":"20","tfSiteCount":"70"},{"genomeId":"228","name":"Lactobacillus johnsonii NCC 533","rnaRegulonCount":"27","rnaSiteCount":"38","taxonomyId":"257314","tfRegulonCount":"26","tfSiteCount":"116"},{"genomeId":"224","name":"Lactobacillus plantarum WCFS1","rnaRegulonCount":"31","rnaSiteCount":"50","taxonomyId":"220668","tfRegulonCount":"47","tfSiteCount":"210"},{"genomeId":"505","name":"Lactobacillus reuteri JCM 1112","rnaRegulonCount":"28","rnaSiteCount":"43","taxonomyId":"557433","tfRegulonCount":"32","tfSiteCount":"118"},{"genomeId":"506","name":"Lactobacillus rhamnosus GG","rnaRegulonCount":"29","rnaSiteCount":"37","taxonomyId":"568703","tfRegulonCount":"42","tfSiteCount":"132"},{"genomeId":"220","name":"Lactobacillus sakei subsp. sakei 23K","rnaRegulonCount":"29","rnaSiteCount":"36","taxonomyId":"314315","tfRegulonCount":"37","tfSiteCount":"126"},{"genomeId":"428","name":"Lactobacillus salivarius subsp. salivarius UCC118","rnaRegulonCount":"27","rnaSiteCount":"33","taxonomyId":"362948","tfRegulonCount":"31","tfSiteCount":"119"},{"genomeId":"216","name":"Lactococcus lactis subsp. cremoris SK11","rnaRegulonCount":"25","rnaSiteCount":"31","taxonomyId":"272622","tfRegulonCount":"37","tfSiteCount":"159"},{"genomeId":"367","name":"Lactococcus lactis subsp. lactis Il1403","rnaRegulonCount":"24","rnaSiteCount":"31","taxonomyId":"272623","tfRegulonCount":"35","tfSiteCount":"173"},{"genomeId":"595","name":"Laribacter hongkongensis HLHK9","rnaRegulonCount":"2","rnaSiteCount":"2","taxonomyId":"557598","tfRegulonCount":"16","tfSiteCount":"48"},{"genomeId":"71","name":"Lawsonia intracellularis PHE/MN1-00","rnaRegulonCount":"0","rnaSiteCount":"0","taxonomyId":"363253","tfRegulonCount":"11","tfSiteCount":"52"},{"genomeId":"240","name":"Leeuwenhoekiella blandensis MED217","rnaRegulonCount":"0","rnaSiteCount":"0","taxonomyId":"398720","tfRegulonCount":"1","tfSiteCount":"1"},{"genomeId":"78","name":"Leifsonia xyli subsp. xyli str. CTCB07","rnaRegulonCount":"0","rnaSiteCount":"0","taxonomyId":"281090","tfRegulonCount":"10","tfSiteCount":"31"},{"genomeId":"592","name":"Leptothrix cholodnii SP-6","rnaRegulonCount":"2","rnaSiteCount":"4","taxonomyId":"395495","tfRegulonCount":"19","tfSiteCount":"57"},{"genomeId":"217","name":"Leuconostoc mesenteroides subsp. mesenteroides ATCC 8293","rnaRegulonCount":"29","rnaSiteCount":"49","taxonomyId":"203120","tfRegulonCount":"32","tfSiteCount":"117"},{"genomeId":"226","name":"Listeria innocua Clip11262","rnaRegulonCount":"0","rnaSiteCount":"0","taxonomyId":"272626","tfRegulonCount":"24","tfSiteCount":"93"},{"genomeId":"210","name":"Listeria monocytogenes EGD-e","rnaRegulonCount":"0","rnaSiteCount":"0","taxonomyId":"169963","tfRegulonCount":"24","tfSiteCount":"99"},{"genomeId":"1367","name":"Listeria seeligeri serovar 1/2b str. SLCC3954","rnaRegulonCount":"0","rnaSiteCount":"0","taxonomyId":"683837","tfRegulonCount":"22","tfSiteCount":"79"},{"genomeId":"227","name":"Listeria welshimeri serovar 6b str. SLCC5334","rnaRegulonCount":"0","rnaSiteCount":"0","taxonomyId":"386043","tfRegulonCount":"24","tfSiteCount":"90"},{"genomeId":"145","name":"Loktanella vestfoldensis SKA53","rnaRegulonCount":"7","rnaSiteCount":"8","taxonomyId":"314232","tfRegulonCount":"22","tfSiteCount":"99"},{"genomeId":"32","name":"Macrococcus caseolyticus JCSC5402","rnaRegulonCount":"27","rnaSiteCount":"45","taxonomyId":"458233","tfRegulonCount":"31","tfSiteCount":"146"},{"genomeId":"159","name":"Magnetospirillum magneticum AMB-1","rnaRegulonCount":"1","rnaSiteCount":"1","taxonomyId":"342108","tfRegulonCount":"16","tfSiteCount":"59"},{"genomeId":"154","name":"Magnetospirillum magnetotacticum MS-1","rnaRegulonCount":"2","rnaSiteCount":"3","taxonomyId":"272627","tfRegulonCount":"20","tfSiteCount":"75"},{"genomeId":"370","name":"Mannheimia succiniciproducens MBEL55E","rnaRegulonCount":"10","rnaSiteCount":"13","taxonomyId":"221988","tfRegulonCount":"25","tfSiteCount":"125"},{"genomeId":"546","name":"Marinobacter aqueolei","rnaRegulonCount":"1","rnaSiteCount":"2","taxonomyId":"351348","tfRegulonCount":"21","tfSiteCount":"92"},{"genomeId":"584","name":"Marinobacter sp. ELB17","rnaRegulonCount":"1","rnaSiteCount":"2","taxonomyId":"270374","tfRegulonCount":"23","tfSiteCount":"84"},{"genomeId":"548","name":"Marinomonas sp. MWYL1","rnaRegulonCount":"2","rnaSiteCount":"4","taxonomyId":"400668","tfRegulonCount":"28","tfSiteCount":"106"},{"genomeId":"128","name":"Mesorhizobium loti MAFF303099","rnaRegulonCount":"10","rnaSiteCount":"21","taxonomyId":"266835","tfRegulonCount":"42","tfSiteCount":"168"},{"genomeId":"130","name":"Mesorhizobium sp. BNC1","rnaRegulonCount":"10","rnaSiteCount":"17","taxonomyId":"266779","tfRegulonCount":"28","tfSiteCount":"115"},{"genomeId":"696","name":"Metallosphaera sedula DSM 5348","rnaRegulonCount":"0","rnaSiteCount":"0","taxonomyId":"399549","tfRegulonCount":"3","tfSiteCount":"11"},{"genomeId":"685","name":"Methanobrevibacter ruminantium M1","rnaRegulonCount":"0","rnaSiteCount":"0","taxonomyId":"634498","tfRegulonCount":"1","tfSiteCount":"4"},{"genomeId":"687","name":"Methanobrevibacter smithii ATCC 35061","rnaRegulonCount":"0","rnaSiteCount":"0","taxonomyId":"420247","tfRegulonCount":"1","tfSiteCount":"2"},{"genomeId":"686","name":"Methanobrevibacter smithii DSM 2375","rnaRegulonCount":"0","rnaSiteCount":"0","taxonomyId":"483214","tfRegulonCount":"1","tfSiteCount":"2"},{"genomeId":"654","name":"Methanococcoides burtonii DSM 6242","rnaRegulonCount":"0","rnaSiteCount":"0","taxonomyId":"259564","tfRegulonCount":"1","tfSiteCount":"2"},{"genomeId":"645","name":"Methanocorpusculum labreanum Z","rnaRegulonCount":"0","rnaSiteCount":"0","taxonomyId":"410358","tfRegulonCount":"2","tfSiteCount":"3"},{"genomeId":"647","name":"Methanoculleus marisnigri JR1","rnaRegulonCount":"0","rnaSiteCount":"0","taxonomyId":"368407","tfRegulonCount":"2","tfSiteCount":"3"},{"genomeId":"655","name":"Methanohalophilus mahii DSM 5219","rnaRegulonCount":"0","rnaSiteCount":"0","taxonomyId":"547558","tfRegulonCount":"1","tfSiteCount":"1"},{"genomeId":"650","name":"Methanosaeta thermophila PT","rnaRegulonCount":"0","rnaSiteCount":"0","taxonomyId":"349307","tfRegulonCount":"1","tfSiteCount":"2"},{"genomeId":"653","name":"Methanosarcina acetivorans C2A","rnaRegulonCount":"0","rnaSiteCount":"0","taxonomyId":"188937","tfRegulonCount":"2","tfSiteCount":"3"},{"genomeId":"651","name":"Methanosarcina barkeri str. fusaro","rnaRegulonCount":"0","rnaSiteCount":"0","taxonomyId":"269797","tfRegulonCount":"2","tfSiteCount":"3"},{"genomeId":"652","name":"Methanosarcina mazei Goe1","rnaRegulonCount":"0","rnaSiteCount":"0","taxonomyId":"192952","tfRegulonCount":"2","tfSiteCount":"3"},{"genomeId":"684","name":"Methanosphaera stadtmanae DSM 3091","rnaRegulonCount":"0","rnaSiteCount":"0","taxonomyId":"339860","tfRegulonCount":"1","tfSiteCount":"4"},{"genomeId":"646","name":"Methanospirillum hungatei JF-1","rnaRegulonCount":"0","rnaSiteCount":"0","taxonomyId":"323259","tfRegulonCount":"2","tfSiteCount":"4"},{"genomeId":"683","name":"Methanothermobacter thermautotrophicus str. Delta H","rnaRegulonCount":"0","rnaSiteCount":"0","taxonomyId":"187420","tfRegulonCount":"1","tfSiteCount":"2"},{"genomeId":"277","name":"Methylibium petroleiphilum PM1","rnaRegulonCount":"2","rnaSiteCount":"4","taxonomyId":"420662","tfRegulonCount":"25","tfSiteCount":"65"},{"genomeId":"248","name":"Methylobacillus flagellatus KT","rnaRegulonCount":"2","rnaSiteCount":"4","taxonomyId":"265072","tfRegulonCount":"12","tfSiteCount":"24"},{"genomeId":"597","name":"Methylophilales bacterium HTCC2181","rnaRegulonCount":"2","rnaSiteCount":"2","taxonomyId":"383631","tfRegulonCount":"6","tfSiteCount":"14"},{"genomeId":"596","name":"Methylotenera mobilis JLW8","rnaRegulonCount":"2","rnaSiteCount":"2","taxonomyId":"583345","tfRegulonCount":"13","tfSiteCount":"31"},{"genomeId":"471","name":"Microcystis aeruginosa NIES-843","rnaRegulonCount":"4","rnaSiteCount":"4","taxonomyId":"449447","tfRegulonCount":"14","tfSiteCount":"78"},{"genomeId":"1546","name":"Microscilla marina ATCC 23134","rnaRegulonCount":"0","rnaSiteCount":"0","taxonomyId":"313606","tfRegulonCount":"1","tfSiteCount":"2"},{"genomeId":"1280","name":"Moorella thermoacetica ATCC 39073","rnaRegulonCount":"3","rnaSiteCount":"6","taxonomyId":"264732","tfRegulonCount":"5","tfSiteCount":"10"},{"genomeId":"513","name":"Moritella sp. PE36","rnaRegulonCount":"3","rnaSiteCount":"5","taxonomyId":"58051","tfRegulonCount":"32","tfSiteCount":"183"},{"genomeId":"519","name":"Mycobacterium abscessus ATCC 19977","rnaRegulonCount":"11","rnaSiteCount":"14","taxonomyId":"561007","tfRegulonCount":"22","tfSiteCount":"69"},{"genomeId":"520","name":"Mycobacterium avium 104","rnaRegulonCount":"9","rnaSiteCount":"15","taxonomyId":"243243","tfRegulonCount":"12","tfSiteCount":"46"},{"genomeId":"544","name":"Mycobacterium flavescens PYR-GCK","rnaRegulonCount":"10","rnaSiteCount":"17","taxonomyId":"350054","tfRegulonCount":"17","tfSiteCount":"55"},{"genomeId":"95","name":"Mycobacterium leprae TN","rnaRegulonCount":"4","rnaSiteCount":"6","taxonomyId":"272631","tfRegulonCount":"9","tfSiteCount":"20"},{"genomeId":"521","name":"Mycobacterium marinum M","rnaRegulonCount":"10","rnaSiteCount":"17","taxonomyId":"216594","tfRegulonCount":"13","tfSiteCount":"44"},{"genomeId":"84","name":"Mycobacterium smegmatis str. MC2 155","rnaRegulonCount":"10","rnaSiteCount":"19","taxonomyId":"246196","tfRegulonCount":"26","tfSiteCount":"93"},{"genomeId":"105","name":"Mycobacterium sp. JLS","rnaRegulonCount":"8","rnaSiteCount":"13","taxonomyId":"164757","tfRegulonCount":"25","tfSiteCount":"80"},{"genomeId":"522","name":"Mycobacterium tuberculosis H37Rv","rnaRegulonCount":"9","rnaSiteCount":"15","taxonomyId":"83332","tfRegulonCount":"13","tfSiteCount":"47"},{"genomeId":"459","name":"Mycobacterium vanbaalenii PYR-1","rnaRegulonCount":"9","rnaSiteCount":"15","taxonomyId":"350058","tfRegulonCount":"21","tfSiteCount":"73"},{"genomeId":"578","name":"Nakamurella multipartita DSM 44233","rnaRegulonCount":"0","rnaSiteCount":"0","taxonomyId":"479431","tfRegulonCount":"22","tfSiteCount":"65"},{"genomeId":"664","name":"Natrialba magadii ATCC 43099","rnaRegulonCount":"0","rnaSiteCount":"0","taxonomyId":"547559","tfRegulonCount":"3","tfSiteCount":"12"},{"genomeId":"667","name":"Natronomonas pharaonis DSM 2160","rnaRegulonCount":"0","rnaSiteCount":"0","taxonomyId":"348780","tfRegulonCount":"3","tfSiteCount":"20"},{"genomeId":"243","name":"Neisseria meningitidis MC58","rnaRegulonCount":"1","rnaSiteCount":"2","taxonomyId":"122586","tfRegulonCount":"9","tfSiteCount":"29"},{"genomeId":"274","name":"Nitrobacter winogradskyi Nb-255","rnaRegulonCount":"7","rnaSiteCount":"11","taxonomyId":"323098","tfRegulonCount":"13","tfSiteCount":"34"},{"genomeId":"250","name":"Nitrosomonas europaea ATCC 19718","rnaRegulonCount":"2","rnaSiteCount":"2","taxonomyId":"228410","tfRegulonCount":"9","tfSiteCount":"15"},{"genomeId":"594","name":"Nitrosospira multiformis ATCC 25196","rnaRegulonCount":"2","rnaSiteCount":"2","taxonomyId":"323848","tfRegulonCount":"7","tfSiteCount":"11"},{"genomeId":"83","name":"Nocardia farcinica IFM 10152","rnaRegulonCount":"0","rnaSiteCount":"0","taxonomyId":"247156","tfRegulonCount":"27","tfSiteCount":"77"},{"genomeId":"463","name":"Nocardioides sp. JS614","rnaRegulonCount":"0","rnaSiteCount":"0","taxonomyId":"196162","tfRegulonCount":"16","tfSiteCount":"43"},{"genomeId":"303","name":"Nostoc sp. PCC 7120","rnaRegulonCount":"5","rnaSiteCount":"9","taxonomyId":"103690","tfRegulonCount":"13","tfSiteCount":"135"},{"genomeId":"446","name":"Novosphingobium aromaticivorans DSM 12444","rnaRegulonCount":"1","rnaSiteCount":"1","taxonomyId":"279238","tfRegulonCount":"20","tfSiteCount":"66"},{"genomeId":"142","name":"Oceanicaulis alexandrii HTCC2633","rnaRegulonCount":"6","rnaSiteCount":"7","taxonomyId":"314254","tfRegulonCount":"12","tfSiteCount":"41"},{"genomeId":"150","name":"Oceanicola batsensis HTCC2597","rnaRegulonCount":"7","rnaSiteCount":"12","taxonomyId":"252305","tfRegulonCount":"24","tfSiteCount":"90"},{"genomeId":"599","name":"Oceanicola granulosus HTCC2516","rnaRegulonCount":"6","rnaSiteCount":"8","taxonomyId":"314256","tfRegulonCount":"22","tfSiteCount":"61"},{"genomeId":"61","name":"Oceanobacillus iheyensis HTE831","rnaRegulonCount":"32","rnaSiteCount":"64","taxonomyId":"221109","tfRegulonCount":"65","tfSiteCount":"273"},{"genomeId":"391","name":"Oceanobacter sp. RED65","rnaRegulonCount":"1","rnaSiteCount":"2","taxonomyId":"207949","tfRegulonCount":"11","tfSiteCount":"41"},{"genomeId":"549","name":"Oceanospirillum sp. MED92","rnaRegulonCount":"1","rnaSiteCount":"1","taxonomyId":"207954","tfRegulonCount":"16","tfSiteCount":"50"},{"genomeId":"209","name":"Oenococcus oeni PSU-1","rnaRegulonCount":"19","rnaSiteCount":"23","taxonomyId":"203123","tfRegulonCount":"25","tfSiteCount":"92"},{"genomeId":"62","name":"Paenibacillus sp. JDR-2","rnaRegulonCount":"30","rnaSiteCount":"50","taxonomyId":"324057","tfRegulonCount":"61","tfSiteCount":"194"},{"genomeId":"1647","name":"Parachlamydia sp. UWE25","rnaRegulonCount":"0","rnaSiteCount":"0","taxonomyId":"264201","tfRegulonCount":"2","tfSiteCount":"4"},{"genomeId":"118","name":"Paracoccus denitrificans PD1222","rnaRegulonCount":"7","rnaSiteCount":"21","taxonomyId":"318586","tfRegulonCount":"38","tfSiteCount":"117"},{"genomeId":"397","name":"Pasteurella multocida subsp. multocida str. Pm70","rnaRegulonCount":"10","rnaSiteCount":"12","taxonomyId":"272843","tfRegulonCount":"23","tfSiteCount":"138"},{"genomeId":"218","name":"Pediococcus pentosaceus ATCC 25745","rnaRegulonCount":"30","rnaSiteCount":"39","taxonomyId":"278197","tfRegulonCount":"38","tfSiteCount":"155"},{"genomeId":"1548","name":"Pedobacter heparinus DSM 2366","rnaRegulonCount":"0","rnaSiteCount":"0","taxonomyId":"485917","tfRegulonCount":"1","tfSiteCount":"1"},{"genomeId":"1549","name":"Pedobacter sp. BAL39","rnaRegulonCount":"0","rnaSiteCount":"0","taxonomyId":"391596","tfRegulonCount":"2","tfSiteCount":"2"},{"genomeId":"610","name":"Pelobacter carbinolicus str. DSM 2380","rnaRegulonCount":"3","rnaSiteCount":"8","taxonomyId":"338963","tfRegulonCount":"11","tfSiteCount":"26"},{"genomeId":"609","name":"Pelobacter propionicus DSM 2379","rnaRegulonCount":"2","rnaSiteCount":"3","taxonomyId":"338966","tfRegulonCount":"12","tfSiteCount":"38"},{"genomeId":"1586","name":"Pelodictyon luteolum DSM 273","rnaRegulonCount":"4","rnaSiteCount":"7","taxonomyId":"319225","tfRegulonCount":"4","tfSiteCount":"5"},{"genomeId":"1591","name":"Pelodictyon phaeoclathratiforme BU-1","rnaRegulonCount":"4","rnaSiteCount":"6","taxonomyId":"324925","tfRegulonCount":"4","tfSiteCount":"6"},{"genomeId":"50","name":"Petrotoga mobilis SJ95","rnaRegulonCount":"9","rnaSiteCount":"9","taxonomyId":"403833","tfRegulonCount":"11","tfSiteCount":"23"},{"genomeId":"604","name":"Phenylobacterium zucineum HLK1","rnaRegulonCount":"7","rnaSiteCount":"8","taxonomyId":"450851","tfRegulonCount":"22","tfSiteCount":"73"},{"genomeId":"394","name":"Photobacterium profundum SS9","rnaRegulonCount":"14","rnaSiteCount":"22","taxonomyId":"298386","tfRegulonCount":"50","tfSiteCount":"310"},{"genomeId":"355","name":"Photorhabdus luminescens subsp. laumondii TTO1","rnaRegulonCount":"12","rnaSiteCount":"14","taxonomyId":"243265","tfRegulonCount":"48","tfSiteCount":"408"},{"genomeId":"643","name":"Picrophilus torridus DSM 9790","rnaRegulonCount":"0","rnaSiteCount":"0","taxonomyId":"263820","tfRegulonCount":"1","tfSiteCount":"6"},{"genomeId":"434","name":"Pirellula sp. 1","rnaRegulonCount":"0","rnaSiteCount":"0","taxonomyId":"243090","tfRegulonCount":"2","tfSiteCount":"4"},{"genomeId":"1646","name":"Pirellula staleyi DSM 6068","rnaRegulonCount":"0","rnaSiteCount":"0","taxonomyId":"530564","tfRegulonCount":"2","tfSiteCount":"7"},{"genomeId":"1645","name":"Planctomyces maris DSM 8797","rnaRegulonCount":"0","rnaSiteCount":"0","taxonomyId":"344747","tfRegulonCount":"2","tfSiteCount":"3"},{"genomeId":"1567","name":"Polaribacter irgensii 23-P","rnaRegulonCount":"0","rnaSiteCount":"0","taxonomyId":"313594","tfRegulonCount":"1","tfSiteCount":"1"},{"genomeId":"440","name":"Polaromonas naphthalenivorans CJ2","rnaRegulonCount":"2","rnaSiteCount":"3","taxonomyId":"365044","tfRegulonCount":"28","tfSiteCount":"83"},{"genomeId":"257","name":"Polaromonas sp. JS666","rnaRegulonCount":"2","rnaSiteCount":"4","taxonomyId":"296591","tfRegulonCount":"33","tfSiteCount":"103"},{"genomeId":"296","name":"Prochlorococcus marinus str. MIT 9313","rnaRegulonCount":"3","rnaSiteCount":"3","taxonomyId":"74547","tfRegulonCount":"10","tfSiteCount":"23"},{"genomeId":"99","name":"Propionibacterium acnes KPA171202","rnaRegulonCount":"0","rnaSiteCount":"0","taxonomyId":"267747","tfRegulonCount":"12","tfSiteCount":"51"},{"genomeId":"1583","name":"Prosthecochloris aestuarii DSM 271","rnaRegulonCount":"4","rnaSiteCount":"11","taxonomyId":"290512","tfRegulonCount":"4","tfSiteCount":"7"},{"genomeId":"1587","name":"Prosthecochloris vibrioformis DSM 265","rnaRegulonCount":"4","rnaSiteCount":"7","taxonomyId":"290318","tfRegulonCount":"4","tfSiteCount":"7"},{"genomeId":"408","name":"Proteus mirabilis HI4320","rnaRegulonCount":"12","rnaSiteCount":"14","taxonomyId":"529507","tfRegulonCount":"52","tfSiteCount":"541"},{"genomeId":"171","name":"Pseudoalteromonas atlantica T6c","rnaRegulonCount":"2","rnaSiteCount":"3","taxonomyId":"342610","tfRegulonCount":"28","tfSiteCount":"163"},{"genomeId":"173","name":"Pseudoalteromonas haloplanktis TAC125","rnaRegulonCount":"2","rnaSiteCount":"2","taxonomyId":"326442","tfRegulonCount":"26","tfSiteCount":"134"},{"genomeId":"514","name":"Pseudoalteromonas tunicata D2","rnaRegulonCount":"1","rnaSiteCount":"1","taxonomyId":"87626","tfRegulonCount":"32","tfSiteCount":"177"},{"genomeId":"261","name":"Pseudomonas aeruginosa PAO1","rnaRegulonCount":"7","rnaSiteCount":"13","taxonomyId":"208964","tfRegulonCount":"51","tfSiteCount":"178"},{"genomeId":"272","name":"Pseudomonas entomophila L48","rnaRegulonCount":"7","rnaSiteCount":"12","taxonomyId":"384676","tfRegulonCount":"46","tfSiteCount":"187"},{"genomeId":"265","name":"Pseudomonas fluorescens Pf-5","rnaRegulonCount":"7","rnaSiteCount":"12","taxonomyId":"220664","tfRegulonCount":"55","tfSiteCount":"197"},{"genomeId":"396","name":"Pseudomonas mendocina ymp","rnaRegulonCount":"8","rnaSiteCount":"15","taxonomyId":"399739","tfRegulonCount":"44","tfSiteCount":"175"},{"genomeId":"267","name":"Pseudomonas putida KT2440","rnaRegulonCount":"6","rnaSiteCount":"10","taxonomyId":"160488","tfRegulonCount":"50","tfSiteCount":"194"},{"genomeId":"395","name":"Pseudomonas stutzeri A1501","rnaRegulonCount":"9","rnaSiteCount":"12","taxonomyId":"379731","tfRegulonCount":"28","tfSiteCount":"108"},{"genomeId":"270","name":"Pseudomonas syringae pv. tomato str. DC3000","rnaRegulonCount":"8","rnaSiteCount":"12","taxonomyId":"223283","tfRegulonCount":"45","tfSiteCount":"138"},{"genomeId":"412","name":"Psychrobacter arcticum 273-4","rnaRegulonCount":"1","rnaSiteCount":"1","taxonomyId":"259536","tfRegulonCount":"7","tfSiteCount":"14"},{"genomeId":"587","name":"Psychrobacter sp. PRwf-1","rnaRegulonCount":"1","rnaSiteCount":"2","taxonomyId":"349106","tfRegulonCount":"8","tfSiteCount":"29"},{"genomeId":"1574","name":"Psychroflexus torquis ATCC 700755","rnaRegulonCount":"0","rnaSiteCount":"0","taxonomyId":"313595","tfRegulonCount":"1","tfSiteCount":"1"},{"genomeId":"372","name":"Psychromonas ingrahamii 37","rnaRegulonCount":"2","rnaSiteCount":"4","taxonomyId":"357804","tfRegulonCount":"31","tfSiteCount":"114"},{"genomeId":"538","name":"Psychromonas sp. CNPT3","rnaRegulonCount":"2","rnaSiteCount":"3","taxonomyId":"314282","tfRegulonCount":"27","tfSiteCount":"106"},{"genomeId":"717","name":"Pyrobaculum aerophilum str. IM2","rnaRegulonCount":"0","rnaSiteCount":"0","taxonomyId":"178306","tfRegulonCount":"3","tfSiteCount":"16"},{"genomeId":"718","name":"Pyrobaculum arsenaticum DSM 13514","rnaRegulonCount":"0","rnaSiteCount":"0","taxonomyId":"340102","tfRegulonCount":"2","tfSiteCount":"7"},{"genomeId":"714","name":"Pyrobaculum calidifontis JCM 11548","rnaRegulonCount":"0","rnaSiteCount":"0","taxonomyId":"410359","tfRegulonCount":"3","tfSiteCount":"10"},{"genomeId":"715","name":"Pyrobaculum islandicum DSM 4184","rnaRegulonCount":"0","rnaSiteCount":"0","taxonomyId":"384616","tfRegulonCount":"3","tfSiteCount":"9"},{"genomeId":"689","name":"Pyrococcus abyssi GE5","rnaRegulonCount":"0","rnaSiteCount":"0","taxonomyId":"272844","tfRegulonCount":"4","tfSiteCount":"25"},{"genomeId":"688","name":"Pyrococcus furiosus DSM 3638","rnaRegulonCount":"0","rnaSiteCount":"0","taxonomyId":"186497","tfRegulonCount":"4","tfSiteCount":"40"},{"genomeId":"690","name":"Pyrococcus horikoshii OT3","rnaRegulonCount":"0","rnaSiteCount":"0","taxonomyId":"70601","tfRegulonCount":"4","tfSiteCount":"29"},{"genomeId":"442","name":"Ralstonia eutropha H16","rnaRegulonCount":"7","rnaSiteCount":"10","taxonomyId":"381666","tfRegulonCount":"57","tfSiteCount":"198"},{"genomeId":"247","name":"Ralstonia eutropha JMP134","rnaRegulonCount":"9","rnaSiteCount":"13","taxonomyId":"264198","tfRegulonCount":"50","tfSiteCount":"160"},{"genomeId":"256","name":"Ralstonia metallidurans CH34","rnaRegulonCount":"7","rnaSiteCount":"10","taxonomyId":"266264","tfRegulonCount":"47","tfSiteCount":"178"},{"genomeId":"502","name":"Ralstonia pickettii 12J","rnaRegulonCount":"8","rnaSiteCount":"13","taxonomyId":"402626","tfRegulonCount":"40","tfSiteCount":"137"},{"genomeId":"252","name":"Ralstonia solanacearum GMI1000","rnaRegulonCount":"7","rnaSiteCount":"9","taxonomyId":"267608","tfRegulonCount":"36","tfSiteCount":"119"},{"genomeId":"390","name":"Reinekea sp. MED297","rnaRegulonCount":"3","rnaSiteCount":"4","taxonomyId":"314283","tfRegulonCount":"23","tfSiteCount":"99"},{"genomeId":"537","name":"Renibacterium salmoninarum ATCC 33209","rnaRegulonCount":"0","rnaSiteCount":"0","taxonomyId":"288705","tfRegulonCount":"14","tfSiteCount":"48"},{"genomeId":"114","name":"Rhizobium etli CFN 42","rnaRegulonCount":"9","rnaSiteCount":"16","taxonomyId":"347834","tfRegulonCount":"57","tfSiteCount":"252"},{"genomeId":"115","name":"Rhizobium leguminosarum bv. viciae 3841","rnaRegulonCount":"10","rnaSiteCount":"19","taxonomyId":"216596","tfRegulonCount":"55","tfSiteCount":"258"},{"genomeId":"556","name":"Rhizobium sp. NGR234","rnaRegulonCount":"10","rnaSiteCount":"17","taxonomyId":"394","tfRegulonCount":"57","tfSiteCount":"253"},{"genomeId":"116","name":"Rhodobacter sphaeroides 2.4.1","rnaRegulonCount":"8","rnaSiteCount":"15","taxonomyId":"272943","tfRegulonCount":"33","tfSiteCount":"136"},{"genomeId":"148","name":"Rhodobacterales bacterium HTCC2654","rnaRegulonCount":"8","rnaSiteCount":"10","taxonomyId":"314271","tfRegulonCount":"24","tfSiteCount":"106"},{"genomeId":"457","name":"Rhodococcus erythropolis PR4","rnaRegulonCount":"0","rnaSiteCount":"0","taxonomyId":"234621","tfRegulonCount":"31","tfSiteCount":"98"},{"genomeId":"458","name":"Rhodococcus opacus B4","rnaRegulonCount":"0","rnaSiteCount":"0","taxonomyId":"632772","tfRegulonCount":"34","tfSiteCount":"140"},{"genomeId":"108","name":"Rhodococcus sp. RHA1","rnaRegulonCount":"0","rnaSiteCount":"0","taxonomyId":"101510","tfRegulonCount":"34","tfSiteCount":"141"},{"genomeId":"275","name":"Rhodoferax ferrireducens DSM 15236","rnaRegulonCount":"2","rnaSiteCount":"6","taxonomyId":"338969","tfRegulonCount":"26","tfSiteCount":"72"},{"genomeId":"134","name":"Rhodopseudomonas palustris CGA009","rnaRegulonCount":"9","rnaSiteCount":"20","taxonomyId":"258594","tfRegulonCount":"22","tfSiteCount":"124"},{"genomeId":"559","name":"Rhodospirillum centenum SW","rnaRegulonCount":"1","rnaSiteCount":"2","taxonomyId":"414684","tfRegulonCount":"17","tfSiteCount":"70"},{"genomeId":"153","name":"Rhodospirillum rubrum ATCC 11170","rnaRegulonCount":"2","rnaSiteCount":"2","taxonomyId":"269796","tfRegulonCount":"22","tfSiteCount":"78"},{"genomeId":"1327","name":"Roseburia intestinalis L1-82","rnaRegulonCount":"2","rnaSiteCount":"5","taxonomyId":"536231","tfRegulonCount":"14","tfSiteCount":"51"},{"genomeId":"627","name":"Roseiflexus castenholzii DSM 13941","rnaRegulonCount":"14","rnaSiteCount":"19","taxonomyId":"383372","tfRegulonCount":"22","tfSiteCount":"64"},{"genomeId":"284","name":"Roseiflexus sp. RS-1","rnaRegulonCount":"12","rnaSiteCount":"20","taxonomyId":"357808","tfRegulonCount":"21","tfSiteCount":"60"},{"genomeId":"146","name":"Roseobacter sp. MED193","rnaRegulonCount":"8","rnaSiteCount":"14","taxonomyId":"314262","tfRegulonCount":"27","tfSiteCount":"116"},{"genomeId":"143","name":"Roseovarius nubinhibens ISM","rnaRegulonCount":"9","rnaSiteCount":"14","taxonomyId":"89187","tfRegulonCount":"28","tfSiteCount":"93"},{"genomeId":"149","name":"Roseovarius sp. 217","rnaRegulonCount":"9","rnaSiteCount":"13","taxonomyId":"314264","tfRegulonCount":"29","tfSiteCount":"130"},{"genomeId":"1329","name":"Ruminococcus gnavus ATCC 29149","rnaRegulonCount":"2","rnaSiteCount":"4","taxonomyId":"411470","tfRegulonCount":"16","tfSiteCount":"60"},{"genomeId":"1328","name":"Ruminococcus lactaris ATCC 29176","rnaRegulonCount":"2","rnaSiteCount":"2","taxonomyId":"471875","tfRegulonCount":"12","tfSiteCount":"52"},{"genomeId":"579","name":"Saccharomonospora viridis DSM 43017","rnaRegulonCount":"0","rnaSiteCount":"0","taxonomyId":"471857","tfRegulonCount":"17","tfSiteCount":"48"},{"genomeId":"172","name":"Saccharophagus degradans 2-40","rnaRegulonCount":"1","rnaSiteCount":"3","taxonomyId":"203122","tfRegulonCount":"16","tfSiteCount":"53"},{"genomeId":"106","name":"Saccharopolyspora erythraea NRRL 2338","rnaRegulonCount":"0","rnaSiteCount":"0","taxonomyId":"405948","tfRegulonCount":"28","tfSiteCount":"97"},{"genomeId":"354","name":"Salmonella typhimurium LT2","rnaRegulonCount":"12","rnaSiteCount":"16","taxonomyId":"99287","tfRegulonCount":"75","tfSiteCount":"819"},{"genomeId":"357","name":"Serratia proteamaculans 568","rnaRegulonCount":"13","rnaSiteCount":"17","taxonomyId":"399741","tfRegulonCount":"82","tfSiteCount":"650"},{"genomeId":"10","name":"Shewanella amazonensis SB2B","rnaRegulonCount":"12","rnaSiteCount":"17","taxonomyId":"326297","tfRegulonCount":"57","tfSiteCount":"471"},{"genomeId":"7","name":"Shewanella baltica OS155","rnaRegulonCount":"14","rnaSiteCount":"18","taxonomyId":"325240","tfRegulonCount":"64","tfSiteCount":"572"},{"genomeId":"8","name":"Shewanella denitrificans OS217","rnaRegulonCount":"11","rnaSiteCount":"13","taxonomyId":"318161","tfRegulonCount":"45","tfSiteCount":"317"},{"genomeId":"9","name":"Shewanella frigidimarina NCIMB 400","rnaRegulonCount":"11","rnaSiteCount":"14","taxonomyId":"318167","tfRegulonCount":"55","tfSiteCount":"481"},{"genomeId":"13","name":"Shewanella halifaxensis HAW-EB4","rnaRegulonCount":"14","rnaSiteCount":"22","taxonomyId":"458817","tfRegulonCount":"51","tfSiteCount":"544"},{"genomeId":"11","name":"Shewanella loihica PV-4","rnaRegulonCount":"13","rnaSiteCount":"17","taxonomyId":"323850","tfRegulonCount":"54","tfSiteCount":"510"},{"genomeId":"1","name":"Shewanella oneidensis MR-1","rnaRegulonCount":"14","rnaSiteCount":"19","taxonomyId":"211586","tfRegulonCount":"62","tfSiteCount":"535"},{"genomeId":"12","name":"Shewanella pealeana ATCC 700345","rnaRegulonCount":"14","rnaSiteCount":"21","taxonomyId":"398579","tfRegulonCount":"52","tfSiteCount":"551"},{"genomeId":"14","name":"Shewanella piezotolerans WP3","rnaRegulonCount":"14","rnaSiteCount":"17","taxonomyId":"225849","tfRegulonCount":"52","tfSiteCount":"553"},{"genomeId":"2","name":"Shewanella putrefaciens CN-32","rnaRegulonCount":"13","rnaSiteCount":"17","taxonomyId":"319224","tfRegulonCount":"63","tfSiteCount":"591"},{"genomeId":"15","name":"Shewanella sediminis HAW-EB3","rnaRegulonCount":"14","rnaSiteCount":"21","taxonomyId":"425104","tfRegulonCount":"53","tfSiteCount":"548"},{"genomeId":"4","name":"Shewanella sp ANA-3","rnaRegulonCount":"14","rnaSiteCount":"18","taxonomyId":"94122","tfRegulonCount":"64","tfSiteCount":"615"},{"genomeId":"5","name":"Shewanella sp MR-4","rnaRegulonCount":"14","rnaSiteCount":"20","taxonomyId":"60480","tfRegulonCount":"61","tfSiteCount":"621"},{"genomeId":"6","name":"Shewanella sp MR-7","rnaRegulonCount":"14","rnaSiteCount":"20","taxonomyId":"60481","tfRegulonCount":"60","tfSiteCount":"617"},{"genomeId":"3","name":"Shewanella sp W3-18-1","rnaRegulonCount":"14","rnaSiteCount":"18","taxonomyId":"351745","tfRegulonCount":"62","tfSiteCount":"586"},{"genomeId":"16","name":"Shewanella woodyi ATCC 51908","rnaRegulonCount":"14","rnaSiteCount":"19","taxonomyId":"392500","tfRegulonCount":"56","tfSiteCount":"520"},{"genomeId":"141","name":"Silicibacter pomeroyi DSS-3","rnaRegulonCount":"6","rnaSiteCount":"8","taxonomyId":"246200","tfRegulonCount":"35","tfSiteCount":"126"},{"genomeId":"144","name":"Silicibacter TM1040","rnaRegulonCount":"9","rnaSiteCount":"18","taxonomyId":"292414","tfRegulonCount":"29","tfSiteCount":"116"},{"genomeId":"112","name":"Sinorhizobium meliloti 1021","rnaRegulonCount":"8","rnaSiteCount":"15","taxonomyId":"266834","tfRegulonCount":"56","tfSiteCount":"252"},{"genomeId":"602","name":"Sphingobium japonicum UT26S","rnaRegulonCount":"1","rnaSiteCount":"1","taxonomyId":"452662","tfRegulonCount":"13","tfSiteCount":"57"},{"genomeId":"140","name":"Sphingomonas wittichii RW1","rnaRegulonCount":"1","rnaSiteCount":"1","taxonomyId":"392499","tfRegulonCount":"18","tfSiteCount":"50"},{"genomeId":"158","name":"Sphingopyxis alaskensis RB2256","rnaRegulonCount":"1","rnaSiteCount":"1","taxonomyId":"317655","tfRegulonCount":"19","tfSiteCount":"90"},{"genomeId":"26","name":"Staphylococcus aureus subsp. aureus N315","rnaRegulonCount":"27","rnaSiteCount":"36","taxonomyId":"158879","tfRegulonCount":"49","tfSiteCount":"402"},{"genomeId":"27","name":"Staphylococcus capitis SK14","rnaRegulonCount":"27","rnaSiteCount":"38","taxonomyId":"553212","tfRegulonCount":"41","tfSiteCount":"296"},{"genomeId":"29","name":"Staphylococcus carnosus subsp. carnosus TM300","rnaRegulonCount":"28","rnaSiteCount":"45","taxonomyId":"396513","tfRegulonCount":"40","tfSiteCount":"267"},{"genomeId":"28","name":"Staphylococcus epidermidis ATCC 12228","rnaRegulonCount":"28","rnaSiteCount":"40","taxonomyId":"176280","tfRegulonCount":"38","tfSiteCount":"274"},{"genomeId":"30","name":"Staphylococcus haemolyticus JCSC1435","rnaRegulonCount":"28","rnaSiteCount":"42","taxonomyId":"279808","tfRegulonCount":"41","tfSiteCount":"297"},{"genomeId":"31","name":"Staphylococcus saprophyticus subsp. saprophyticus ATCC 15305","rnaRegulonCount":"29","rnaSiteCount":"42","taxonomyId":"342451","tfRegulonCount":"41","tfSiteCount":"288"},{"genomeId":"409","name":"Stenotrophomonas maltophilia K279a","rnaRegulonCount":"3","rnaSiteCount":"4","taxonomyId":"522373","tfRegulonCount":"33","tfSiteCount":"95"},{"genomeId":"40","name":"Streptococcus agalactiae 2603V/R","rnaRegulonCount":"21","rnaSiteCount":"28","taxonomyId":"208435","tfRegulonCount":"38","tfSiteCount":"222"},{"genomeId":"612","name":"Streptococcus dysgalactiae subsp. equisimilis GGS_124","rnaRegulonCount":"22","rnaSiteCount":"26","taxonomyId":"486410","tfRegulonCount":"43","tfSiteCount":"227"},{"genomeId":"34","name":"Streptococcus equi subsp. zooepidemicus MGCS10565","rnaRegulonCount":"20","rnaSiteCount":"24","taxonomyId":"552526","tfRegulonCount":"42","tfSiteCount":"195"},{"genomeId":"613","name":"Streptococcus gallolyticus UCN34","rnaRegulonCount":"23","rnaSiteCount":"29","taxonomyId":"637909","tfRegulonCount":"41","tfSiteCount":"246"},{"genomeId":"35","name":"Streptococcus gordonii str. Challis substr. CH1","rnaRegulonCount":"22","rnaSiteCount":"30","taxonomyId":"467705","tfRegulonCount":"42","tfSiteCount":"233"},{"genomeId":"614","name":"Streptococcus mitis B6","rnaRegulonCount":"22","rnaSiteCount":"26","taxonomyId":"365659","tfRegulonCount":"35","tfSiteCount":"201"},{"genomeId":"37","name":"Streptococcus mutans UA159","rnaRegulonCount":"23","rnaSiteCount":"24","taxonomyId":"210007","tfRegulonCount":"42","tfSiteCount":"209"},{"genomeId":"33","name":"Streptococcus pneumoniae TIGR4","rnaRegulonCount":"21","rnaSiteCount":"30","taxonomyId":"170187","tfRegulonCount":"42","tfSiteCount":"233"},{"genomeId":"38","name":"Streptococcus pyogenes M1 GAS","rnaRegulonCount":"21","rnaSiteCount":"24","taxonomyId":"160490","tfRegulonCount":"40","tfSiteCount":"215"},{"genomeId":"39","name":"Streptococcus sanguinis SK36","rnaRegulonCount":"23","rnaSiteCount":"27","taxonomyId":"388919","tfRegulonCount":"43","tfSiteCount":"226"},{"genomeId":"431","name":"Streptococcus suis 05ZYH33","rnaRegulonCount":"21","rnaSiteCount":"28","taxonomyId":"391295","tfRegulonCount":"43","tfSiteCount":"204"},{"genomeId":"36","name":"Streptococcus thermophilus CNRZ1066","rnaRegulonCount":"20","rnaSiteCount":"23","taxonomyId":"299768","tfRegulonCount":"30","tfSiteCount":"169"},{"genomeId":"214","name":"Streptococcus uberis 0140J","rnaRegulonCount":"22","rnaSiteCount":"25","taxonomyId":"218495","tfRegulonCount":"42","tfSiteCount":"219"},{"genomeId":"87","name":"Streptomyces avermitilis MA-4680","rnaRegulonCount":"2","rnaSiteCount":"5","taxonomyId":"227882","tfRegulonCount":"35","tfSiteCount":"182"},{"genomeId":"89","name":"Streptomyces coelicolor A3(2)","rnaRegulonCount":"2","rnaSiteCount":"4","taxonomyId":"100226","tfRegulonCount":"32","tfSiteCount":"209"},{"genomeId":"635","name":"Streptomyces griseus subsp. griseus NBRC 13350","rnaRegulonCount":"2","rnaSiteCount":"4","taxonomyId":"455632","tfRegulonCount":"29","tfSiteCount":"158"},{"genomeId":"88","name":"Streptomyces scabiei 87.22","rnaRegulonCount":"2","rnaSiteCount":"4","taxonomyId":"680198","tfRegulonCount":"31","tfSiteCount":"155"},{"genomeId":"147","name":"Sulfitobacter sp. EE-36","rnaRegulonCount":"9","rnaSiteCount":"14","taxonomyId":"52598","tfRegulonCount":"22","tfSiteCount":"84"},{"genomeId":"706","name":"Sulfolobus acidocaldarius DSM 639","rnaRegulonCount":"0","rnaSiteCount":"0","taxonomyId":"330779","tfRegulonCount":"3","tfSiteCount":"10"},{"genomeId":"697","name":"Sulfolobus islandicus Y.N.15.51","rnaRegulonCount":"0","rnaSiteCount":"0","taxonomyId":"419942","tfRegulonCount":"3","tfSiteCount":"9"},{"genomeId":"704","name":"Sulfolobus solfataricus P2","rnaRegulonCount":"0","rnaSiteCount":"0","taxonomyId":"273057","tfRegulonCount":"3","tfSiteCount":"9"},{"genomeId":"705","name":"Sulfolobus tokodaii str. 7","rnaRegulonCount":"0","rnaSiteCount":"0","taxonomyId":"273063","tfRegulonCount":"3","tfSiteCount":"14"},{"genomeId":"472","name":"Synechococcus elongatus PCC 7942","rnaRegulonCount":"4","rnaSiteCount":"5","taxonomyId":"1140","tfRegulonCount":"15","tfSiteCount":"49"},{"genomeId":"503","name":"Synechococcus sp. JA-3-3Ab","rnaRegulonCount":"7","rnaSiteCount":"10","taxonomyId":"321327","tfRegulonCount":"12","tfSiteCount":"34"},{"genomeId":"473","name":"Synechococcus sp. PCC 7002","rnaRegulonCount":"4","rnaSiteCount":"4","taxonomyId":"32049","tfRegulonCount":"16","tfSiteCount":"89"},{"genomeId":"298","name":"Synechococcus sp. WH 8102","rnaRegulonCount":"3","rnaSiteCount":"3","taxonomyId":"84588","tfRegulonCount":"9","tfSiteCount":"20"},{"genomeId":"305","name":"Synechocystis sp. PCC 6803","rnaRegulonCount":"4","rnaSiteCount":"4","taxonomyId":"1148","tfRegulonCount":"16","tfSiteCount":"110"},{"genomeId":"1568","name":"Tenacibaculum sp. MED152","rnaRegulonCount":"0","rnaSiteCount":"0","taxonomyId":"313598","tfRegulonCount":"1","tfSiteCount":"1"},{"genomeId":"585","name":"Teredinibacter turnerae T7901","rnaRegulonCount":"2","rnaSiteCount":"4","taxonomyId":"377629","tfRegulonCount":"12","tfSiteCount":"45"},{"genomeId":"593","name":"Thauera sp. MZ1T","rnaRegulonCount":"2","rnaSiteCount":"3","taxonomyId":"85643","tfRegulonCount":"20","tfSiteCount":"54"},{"genomeId":"487","name":"Thermoanaerobacter ethanolicus X514","rnaRegulonCount":"3","rnaSiteCount":"6","taxonomyId":"399726","tfRegulonCount":"14","tfSiteCount":"45"},{"genomeId":"1336","name":"Thermoanaerobacter italicus Ab9","rnaRegulonCount":"2","rnaSiteCount":"5","taxonomyId":"580331","tfRegulonCount":"11","tfSiteCount":"27"},{"genomeId":"206","name":"Thermoanaerobacter tengcongensis MB4","rnaRegulonCount":"2","rnaSiteCount":"4","taxonomyId":"273068","tfRegulonCount":"14","tfSiteCount":"47"},{"genomeId":"692","name":"Thermococcus gammatolerans EJ3","rnaRegulonCount":"0","rnaSiteCount":"0","taxonomyId":"593117","tfRegulonCount":"4","tfSiteCount":"35"},{"genomeId":"693","name":"Thermococcus kodakaraensis KOD1","rnaRegulonCount":"0","rnaSiteCount":"0","taxonomyId":"69014","tfRegulonCount":"4","tfSiteCount":"40"},{"genomeId":"691","name":"Thermococcus onnurineus NA1","rnaRegulonCount":"0","rnaSiteCount":"0","taxonomyId":"523850","tfRegulonCount":"4","tfSiteCount":"26"},{"genomeId":"694","name":"Thermococcus sibiricus MM 739","rnaRegulonCount":"0","rnaSiteCount":"0","taxonomyId":"604354","tfRegulonCount":"4","tfSiteCount":"22"},{"genomeId":"641","name":"Thermoplasma acidophilum DSM 1728","rnaRegulonCount":"0","rnaSiteCount":"0","taxonomyId":"273075","tfRegulonCount":"1","tfSiteCount":"1"},{"genomeId":"642","name":"Thermoplasma volcanium GSS1","rnaRegulonCount":"0","rnaSiteCount":"0","taxonomyId":"273116","tfRegulonCount":"1","tfSiteCount":"2"},{"genomeId":"716","name":"Thermoproteus neutrophilus V24Sta","rnaRegulonCount":"0","rnaSiteCount":"0","taxonomyId":"444157","tfRegulonCount":"3","tfSiteCount":"12"},{"genomeId":"47","name":"Thermosipho africanus TCF52B","rnaRegulonCount":"7","rnaSiteCount":"10","taxonomyId":"484019","tfRegulonCount":"17","tfSiteCount":"40"},{"genomeId":"48","name":"Thermosipho melanesiensis BI429","rnaRegulonCount":"8","rnaSiteCount":"13","taxonomyId":"391009","tfRegulonCount":"15","tfSiteCount":"30"},{"genomeId":"299","name":"Thermosynechococcus elongatus BP-1","rnaRegulonCount":"5","rnaSiteCount":"7","taxonomyId":"197221","tfRegulonCount":"13","tfSiteCount":"49"},{"genomeId":"46","name":"Thermotoga lettingae TMO","rnaRegulonCount":"9","rnaSiteCount":"12","taxonomyId":"416591","tfRegulonCount":"23","tfSiteCount":"42"},{"genomeId":"41","name":"Thermotoga maritima MSB8","rnaRegulonCount":"6","rnaSiteCount":"6","taxonomyId":"243274","tfRegulonCount":"31","tfSiteCount":"92"},{"genomeId":"45","name":"Thermotoga naphthophila RKU-10","rnaRegulonCount":"6","rnaSiteCount":"6","taxonomyId":"590168","tfRegulonCount":"33","tfSiteCount":"92"},{"genomeId":"43","name":"Thermotoga neapolitana DSM 4359","rnaRegulonCount":"7","rnaSiteCount":"7","taxonomyId":"309803","tfRegulonCount":"31","tfSiteCount":"83"},{"genomeId":"44","name":"Thermotoga petrophila RKU-1","rnaRegulonCount":"6","rnaSiteCount":"6","taxonomyId":"390874","tfRegulonCount":"31","tfSiteCount":"95"},{"genomeId":"42","name":"Thermotoga sp. RQ2","rnaRegulonCount":"6","rnaSiteCount":"6","taxonomyId":"126740","tfRegulonCount":"29","tfSiteCount":"95"},{"genomeId":"51","name":"Thermotogales bacterium TBF 19.5.1","rnaRegulonCount":"5","rnaSiteCount":"5","taxonomyId":"521045","tfRegulonCount":"10","tfSiteCount":"22"},{"genomeId":"632","name":"Thermus aquaticus Y51MC23","rnaRegulonCount":"9","rnaSiteCount":"13","taxonomyId":"498848","tfRegulonCount":"5","tfSiteCount":"10"},{"genomeId":"311","name":"Thermus thermophilus HB27","rnaRegulonCount":"8","rnaSiteCount":"12","taxonomyId":"262724","tfRegulonCount":"7","tfSiteCount":"14"},{"genomeId":"254","name":"Thiobacillus denitrificans","rnaRegulonCount":"2","rnaSiteCount":"2","taxonomyId":"292415","tfRegulonCount":"11","tfSiteCount":"22"},{"genomeId":"507","name":"Tolumonas auensis DSM 9187","rnaRegulonCount":"3","rnaSiteCount":"4","taxonomyId":"595494","tfRegulonCount":"27","tfSiteCount":"109"},{"genomeId":"304","name":"Trichodesmium erythraeum IMS101","rnaRegulonCount":"2","rnaSiteCount":"2","taxonomyId":"203124","tfRegulonCount":"10","tfSiteCount":"82"},{"genomeId":"96","name":"Tropheryma whipplei str. Twist","rnaRegulonCount":"0","rnaSiteCount":"0","taxonomyId":"203267","tfRegulonCount":"1","tfSiteCount":"2"},{"genomeId":"591","name":"Variovorax paradoxus S110","rnaRegulonCount":"3","rnaSiteCount":"5","taxonomyId":"543728","tfRegulonCount":"36","tfSiteCount":"97"},{"genomeId":"278","name":"Verminephrobacter eiseniae EF01-2","rnaRegulonCount":"2","rnaSiteCount":"2","taxonomyId":"391735","tfRegulonCount":"28","tfSiteCount":"58"},{"genomeId":"508","name":"Vibrio angustum S14","rnaRegulonCount":"13","rnaSiteCount":"19","taxonomyId":"314292","tfRegulonCount":"43","tfSiteCount":"239"},{"genomeId":"381","name":"Vibrio cholerae O1 biovar eltor str. N16961","rnaRegulonCount":"15","rnaSiteCount":"22","taxonomyId":"243277","tfRegulonCount":"41","tfSiteCount":"274"},{"genomeId":"339","name":"Vibrio fischeri ES114","rnaRegulonCount":"13","rnaSiteCount":"19","taxonomyId":"312309","tfRegulonCount":"37","tfSiteCount":"277"},{"genomeId":"509","name":"Vibrio harveyi ATCC BAA-1116","rnaRegulonCount":"14","rnaSiteCount":"19","taxonomyId":"338187","tfRegulonCount":"46","tfSiteCount":"324"},{"genomeId":"382","name":"Vibrio parahaemolyticus RIMD 2210633","rnaRegulonCount":"15","rnaSiteCount":"21","taxonomyId":"223926","tfRegulonCount":"51","tfSiteCount":"370"},{"genomeId":"510","name":"Vibrio salmonicida LFI1238","rnaRegulonCount":"13","rnaSiteCount":"19","taxonomyId":"316275","tfRegulonCount":"36","tfSiteCount":"235"},{"genomeId":"511","name":"Vibrio shilonii AK1","rnaRegulonCount":"14","rnaSiteCount":"19","taxonomyId":"391591","tfRegulonCount":"50","tfSiteCount":"348"},{"genomeId":"512","name":"Vibrio splendidus LGP32","rnaRegulonCount":"15","rnaSiteCount":"21","taxonomyId":"575788","tfRegulonCount":"38","tfSiteCount":"283"},{"genomeId":"374","name":"Vibrio vulnificus CMCP6","rnaRegulonCount":"14","rnaSiteCount":"21","taxonomyId":"216895","tfRegulonCount":"52","tfSiteCount":"354"},{"genomeId":"132","name":"Xanthobacter autotrophicus Py2","rnaRegulonCount":"9","rnaSiteCount":"13","taxonomyId":"78245","tfRegulonCount":"25","tfSiteCount":"107"},{"genomeId":"387","name":"Xanthomonas axonopodis pv. citri str. 306","rnaRegulonCount":"3","rnaSiteCount":"3","taxonomyId":"190486","tfRegulonCount":"30","tfSiteCount":"88"},{"genomeId":"385","name":"Xanthomonas campestris pv. campestris str. ATCC 33913","rnaRegulonCount":"3","rnaSiteCount":"3","taxonomyId":"190485","tfRegulonCount":"31","tfSiteCount":"90"},{"genomeId":"399","name":"Xylella fastidiosa 9a5c","rnaRegulonCount":"1","rnaSiteCount":"1","taxonomyId":"160492","tfRegulonCount":"12","tfSiteCount":"28"},{"genomeId":"324","name":"Yersinia pestis KIM","rnaRegulonCount":"10","rnaSiteCount":"12","taxonomyId":"187410","tfRegulonCount":"59","tfSiteCount":"534"},{"genomeId":"157","name":"Zymomonas mobilis subsp. mobilis ZM4","rnaRegulonCount":"1","rnaSiteCount":"1","taxonomyId":"264203","tfRegulonCount":"11","tfSiteCount":"36"}]